ric,status,n_MID_PRICE,n_TRDPRC_1,reused_from
UUUUF122601050.U^F26,no_observations,0,0,option_pipeline_data_partial.pkl
UUUUF122601100.U^F26,observed,1,0,option_pipeline_data_partial.pkl
UUUUF122601150.U^F26,no_observations,0,0,option_pipeline_data_partial.pkl
UUUUF122601200.U^F26,observed,1,0,option_pipeline_data_partial.pkl
UUUUF122601250.U^F26,no_observations,0,0,option_pipeline_data_partial.pkl
UUUUF122601300.U^F26,observed,1,1,option_pipeline_data_partial.pkl
UUUUF122601350.U^F26,observed,1,1,option_pipeline_data_partial.pkl
UUUUF122601400.U^F26,observed,1,1,option_pipeline_data_partial.pkl
UUUUF122601450.U^F26,observed,1,1,option_pipeline_data_partial.pkl
UUUUF122601500.U^F26,observed,1,1,option_pipeline_data_partial.pkl
UUUUF122601550.U^F26,observed,0,1,option_pipeline_data_partial.pkl
UUUUF122601600.U^F26,observed,0,1,option_pipeline_data_partial.pkl
UUUUF122601650.U^F26,observed,0,1,option_pipeline_data_partial.pkl
UUUUF122601700.U^F26,observed,0,1,option_pipeline_data_partial.pkl
UUUUF122601750.U^F26,observed,0,1,option_pipeline_data_partial.pkl
UUUUF122601800.U^F26,observed,0,1,option_pipeline_data_partial.pkl
UUUUF122601850.U^F26,observed,0,1,option_pipeline_data_partial.pkl
UUUUF192601050.U^F26,no_observations,0,0,option_pipeline_data_partial.pkl
UUUUF192601100.U^F26,no_observations,0,0,option_pipeline_data_partial.pkl
UUUUF192601150.U^F26,no_observations,0,0,option_pipeline_data_partial.pkl
UUUUF192601200.U^F26,no_observations,0,0,option_pipeline_data_partial.pkl
UUUUF192601250.U^F26,no_observations,0,0,option_pipeline_data_partial.pkl
UUUUF192601300.U^F26,no_observations,0,0,option_pipeline_data_partial.pkl
UUUUF192601350.U^F26,no_observations,0,0,option_pipeline_data_partial.pkl
UUUUF192601400.U^F26,no_observations,0,0,option_pipeline_data_partial.pkl
UUUUF192601450.U^F26,no_observations,0,0,option_pipeline_data_partial.pkl
UUUUF192601500.U^F26,no_observations,0,0,option_pipeline_data_partial.pkl
UUUUF192601550.U^F26,no_observations,0,0,option_pipeline_data_partial.pkl
UUUUF192601600.U^F26,no_observations,0,0,option_pipeline_data_partial.pkl
UUUUF192601650.U^F26,no_observations,0,0,option_pipeline_data_partial.pkl
UUUUF192601700.U^F26,no_observations,0,0,option_pipeline_data_partial.pkl
UUUUF192601750.U^F26,no_observations,0,0,option_pipeline_data_partial.pkl
UUUUF192601800.U^F26,no_observations,0,0,option_pipeline_data_partial.pkl
UUUUF192601850.U^F26,no_observations,0,0,option_pipeline_data_partial.pkl
UUUUF262601050.U^F26,observed,10,4,option_pipeline_data_partial.pkl
UUUUF262601100.U^F26,observed,10,5,option_pipeline_data_partial.pkl
UUUUF262601150.U^F26,observed,10,5,option_pipeline_data_partial.pkl
UUUUF262601200.U^F26,observed,10,6,option_pipeline_data_partial.pkl
UUUUF262601250.U^F26,observed,9,5,option_pipeline_data_partial.pkl
UUUUF262601300.U^F26,observed,9,5,option_pipeline_data_partial.pkl
UUUUF262601350.U^F26,observed,9,5,option_pipeline_data_partial.pkl
UUUUF262601400.U^F26,observed,9,7,option_pipeline_data_partial.pkl
UUUUF262601450.U^F26,observed,8,6,option_pipeline_data_partial.pkl
UUUUF262601500.U^F26,observed,8,9,option_pipeline_data_partial.pkl
UUUUF262601550.U^F26,observed,8,9,option_pipeline_data_partial.pkl
UUUUF262601600.U^F26,observed,8,9,option_pipeline_data_partial.pkl
UUUUF262601650.U^F26,observed,8,9,option_pipeline_data_partial.pkl
UUUUF262601700.U^F26,observed,9,10,option_pipeline_data_partial.pkl
UUUUF262601750.U^F26,observed,8,9,option_pipeline_data_partial.pkl
UUUUF262601800.U^F26,observed,8,9,option_pipeline_data_partial.pkl
UUUUF262601850.U^F26,observed,8,10,option_pipeline_data_partial.pkl
UUUUG032601050.U^G26,no_observations,0,0,option_pipeline_data_partial.pkl
UUUUG032601100.U^G26,no_observations,0,0,option_pipeline_data_partial.pkl
UUUUG032601150.U^G26,no_observations,0,0,option_pipeline_data_partial.pkl
UUUUG032601200.U^G26,no_observations,0,0,option_pipeline_data_partial.pkl
UUUUG032601250.U^G26,no_observations,0,0,option_pipeline_data_partial.pkl
UUUUG032601300.U^G26,no_observations,0,0,option_pipeline_data_partial.pkl
UUUUG032601350.U^G26,no_observations,0,0,option_pipeline_data_partial.pkl
UUUUG032601400.U^G26,no_observations,0,0,option_pipeline_data_partial.pkl
UUUUG032601450.U^G26,no_observations,0,0,option_pipeline_data_partial.pkl
UUUUG032601500.U^G26,no_observations,0,0,option_pipeline_data_partial.pkl
UUUUG032601550.U^G26,no_observations,0,0,option_pipeline_data_partial.pkl
UUUUG032601600.U^G26,no_observations,0,0,option_pipeline_data_partial.pkl
UUUUG032601650.U^G26,no_observations,0,0,option_pipeline_data_partial.pkl
UUUUG032601700.U^G26,no_observations,0,0,option_pipeline_data_partial.pkl
UUUUG032601750.U^G26,no_observations,0,0,option_pipeline_data_partial.pkl
UUUUG032601800.U^G26,no_observations,0,0,option_pipeline_data_partial.pkl
UUUUG032601850.U^G26,no_observations,0,0,option_pipeline_data_partial.pkl
UUUUG102601050.U^G26,no_observations,0,0,option_pipeline_data_partial.pkl
UUUUG102601100.U^G26,observed,19,8,option_pipeline_data_partial.pkl
UUUUG102601150.U^G26,observed,14,7,option_pipeline_data_partial.pkl
UUUUG102601200.U^G26,observed,19,8,option_pipeline_data_partial.pkl
UUUUG102601250.U^G26,observed,14,8,option_pipeline_data_partial.pkl
UUUUG102601300.U^G26,observed,19,16,option_pipeline_data_partial.pkl
UUUUG102601350.U^G26,observed,19,8,option_pipeline_data_partial.pkl
UUUUG102601400.U^G26,observed,18,14,option_pipeline_data_partial.pkl
UUUUG102601450.U^G26,observed,18,15,option_pipeline_data_partial.pkl
UUUUG102601500.U^G26,observed,17,16,option_pipeline_data_partial.pkl
UUUUG102601550.U^G26,observed,17,19,option_pipeline_data_partial.pkl
UUUUG102601600.U^G26,observed,16,17,option_pipeline_data_partial.pkl
UUUUG102601650.U^G26,observed,16,18,option_pipeline_data_partial.pkl
UUUUG102601700.U^G26,observed,14,19,option_pipeline_data_partial.pkl
UUUUG102601750.U^G26,observed,12,17,option_pipeline_data_partial.pkl
UUUUG102601800.U^G26,observed,14,18,option_pipeline_data_partial.pkl
UUUUG102601850.U^G26,observed,12,16,option_pipeline_data_partial.pkl
UUUUG172601050.U^G26,no_observations,0,0,option_pipeline_data_partial.pkl
UUUUG172601100.U^G26,observed,24,12,option_pipeline_data_partial.pkl
UUUUG172601150.U^G26,observed,18,6,option_pipeline_data_partial.pkl
UUUUG172601200.U^G26,observed,23,12,option_pipeline_data_partial.pkl
UUUUG172601250.U^G26,observed,18,16,option_pipeline_data_partial.pkl
UUUUG172601300.U^G26,observed,22,16,option_pipeline_data_partial.pkl
UUUUG172601350.U^G26,observed,17,13,option_pipeline_data_partial.pkl
UUUUG172601400.U^G26,observed,22,24,option_pipeline_data_partial.pkl
UUUUG172601450.U^G26,observed,17,18,option_pipeline_data_partial.pkl
UUUUG172601500.U^G26,observed,21,24,option_pipeline_data_partial.pkl
UUUUG172601550.U^G26,observed,16,19,option_pipeline_data_partial.pkl
UUUUG172601600.U^G26,observed,20,24,option_pipeline_data_partial.pkl
UUUUG172601650.U^G26,observed,11,18,option_pipeline_data_partial.pkl
UUUUG172601700.U^G26,observed,19,24,option_pipeline_data_partial.pkl
UUUUG172601750.U^G26,observed,9,16,option_pipeline_data_partial.pkl
UUUUG172601800.U^G26,observed,19,23,option_pipeline_data_partial.pkl
UUUUG172601850.U^G26,observed,13,13,option_pipeline_data_partial.pkl
UUUUG242601050.U^G26,observed,11,4,option_pipeline_data_partial.pkl
UUUUG242601100.U^G26,observed,29,8,option_pipeline_data_partial.pkl
UUUUG242601150.U^G26,observed,14,7,option_pipeline_data_partial.pkl
UUUUG242601200.U^G26,observed,28,13,option_pipeline_data_partial.pkl
UUUUG242601250.U^G26,observed,14,13,option_pipeline_data_partial.pkl
UUUUG242601300.U^G26,observed,28,17,option_pipeline_data_partial.pkl
UUUUG242601350.U^G26,observed,27,19,option_pipeline_data_partial.pkl
UUUUG242601400.U^G26,observed,26,21,option_pipeline_data_partial.pkl
UUUUG242601450.U^G26,observed,25,23,option_pipeline_data_partial.pkl
UUUUG242601500.U^G26,observed,23,25,option_pipeline_data_partial.pkl
UUUUG242601550.U^G26,observed,23,25,option_pipeline_data_partial.pkl
UUUUG242601600.U^G26,observed,22,27,option_pipeline_data_partial.pkl
UUUUG242601650.U^G26,observed,22,27,option_pipeline_data_partial.pkl
UUUUG242601700.U^G26,observed,19,25,option_pipeline_data_partial.pkl
UUUUG242601750.U^G26,observed,16,21,option_pipeline_data_partial.pkl
UUUUG242601800.U^G26,observed,17,24,option_pipeline_data_partial.pkl
UUUUG242601850.U^G26,observed,15,15,option_pipeline_data_partial.pkl
UUUUG312601050.U^G26,observed,34,8,option_pipeline_data_partial.pkl
UUUUG312601100.U^G26,observed,34,15,option_pipeline_data_partial.pkl
UUUUG312601150.U^G26,observed,34,13,option_pipeline_data_partial.pkl
UUUUG312601200.U^G26,observed,33,17,option_pipeline_data_partial.pkl
UUUUG312601250.U^G26,observed,33,19,option_pipeline_data_partial.pkl
UUUUG312601300.U^G26,observed,33,22,option_pipeline_data_partial.pkl
UUUUG312601350.U^G26,observed,30,25,option_pipeline_data_partial.pkl
UUUUG312601400.U^G26,observed,29,27,option_pipeline_data_partial.pkl
UUUUG312601450.U^G26,observed,28,24,option_pipeline_data_partial.pkl
UUUUG312601500.U^G26,observed,28,32,option_pipeline_data_partial.pkl
UUUUG312601550.U^G26,observed,25,27,option_pipeline_data_partial.pkl
UUUUG312601600.U^G26,observed,22,32,option_pipeline_data_partial.pkl
UUUUG312601650.U^G26,observed,22,23,option_pipeline_data_partial.pkl
UUUUG312601700.U^G26,observed,21,25,option_pipeline_data_partial.pkl
UUUUG312601750.U^G26,observed,23,20,option_pipeline_data_partial.pkl
UUUUG312601800.U^G26,observed,19,28,option_pipeline_data_partial.pkl
UUUUG312601850.U^G26,observed,17,18,option_pipeline_data_partial.pkl
UUUUH072601050.U^H26,observed,31,9,option_pipeline_data_partial.pkl
UUUUH072601100.U^H26,observed,31,15,option_pipeline_data_partial.pkl
UUUUH072601150.U^H26,observed,31,17,option_pipeline_data_partial.pkl
UUUUH072601200.U^H26,observed,31,18,option_pipeline_data_partial.pkl
UUUUH072601250.U^H26,observed,31,17,option_pipeline_data_partial.pkl
UUUUH072601300.U^H26,observed,31,24,option_pipeline_data_partial.pkl
UUUUH072601350.U^H26,observed,31,25,option_pipeline_data_partial.pkl
UUUUH072601400.U^H26,observed,31,27,option_pipeline_data_partial.pkl
UUUUH072601450.U^H26,observed,27,28,option_pipeline_data_partial.pkl
UUUUH072601500.U^H26,observed,28,25,option_pipeline_data_partial.pkl
UUUUH072601550.U^H26,observed,23,22,option_pipeline_data_partial.pkl
UUUUH072601600.U^H26,observed,21,29,option_pipeline_data_partial.pkl
UUUUH072601650.U^H26,observed,18,14,option_pipeline_data_partial.pkl
UUUUH072601700.U^H26,observed,18,25,option_pipeline_data_partial.pkl
UUUUH072601750.U^H26,observed,14,6,option_pipeline_data_partial.pkl
UUUUH072601800.U^H26,observed,16,24,option_pipeline_data_partial.pkl
UUUUH072601850.U^H26,observed,14,16,option_pipeline_data_partial.pkl
UUUUH142601050.U^H26,observed,31,6,option_pipeline_data_partial.pkl
UUUUH142601100.U^H26,observed,31,18,option_pipeline_data_partial.pkl
UUUUH142601150.U^H26,observed,31,16,option_pipeline_data_partial.pkl
UUUUH142601200.U^H26,observed,31,21,option_pipeline_data_partial.pkl
UUUUH142601250.U^H26,observed,31,22,option_pipeline_data_partial.pkl
UUUUH142601300.U^H26,observed,31,27,option_pipeline_data_partial.pkl
UUUUH142601350.U^H26,observed,31,27,option_pipeline_data_partial.pkl
UUUUH142601400.U^H26,observed,31,31,option_pipeline_data_partial.pkl
UUUUH142601450.U^H26,observed,31,26,option_pipeline_data_partial.pkl
UUUUH142601500.U^H26,observed,31,28,option_pipeline_data_partial.pkl
UUUUH142601550.U^H26,observed,29,20,option_pipeline_data_partial.pkl
UUUUH142601600.U^H26,observed,26,25,option_pipeline_data_partial.pkl
UUUUH142601650.U^H26,observed,22,21,option_pipeline_data_partial.pkl
UUUUH142601700.U^H26,observed,16,16,option_pipeline_data_partial.pkl
UUUUH142601750.U^H26,observed,16,8,option_pipeline_data_partial.pkl
UUUUH142601800.U^H26,observed,14,16,option_pipeline_data_partial.pkl
UUUUH142601850.U^H26,observed,10,11,option_pipeline_data_partial.pkl
UUUUH212601050.U^H26,observed,25,16,option_pipeline_data_partial.pkl
UUUUH212601100.U^H26,observed,45,36,option_pipeline_data_partial.pkl
UUUUH212601150.U^H26,observed,25,24,option_pipeline_data_partial.pkl
UUUUH212601200.U^H26,observed,45,37,option_pipeline_data_partial.pkl
UUUUH212601250.U^H26,observed,25,23,option_pipeline_data_partial.pkl
UUUUH212601300.U^H26,observed,45,41,option_pipeline_data_partial.pkl
UUUUH212601350.U^H26,observed,25,24,option_pipeline_data_partial.pkl
UUUUH212601400.U^H26,observed,45,43,option_pipeline_data_partial.pkl
UUUUH212601450.U^H26,observed,25,24,option_pipeline_data_partial.pkl
UUUUH212601500.U^H26,observed,45,45,option_pipeline_data_partial.pkl
UUUUH212601550.U^H26,observed,23,21,option_pipeline_data_partial.pkl
UUUUH212601600.U^H26,observed,43,45,option_pipeline_data_partial.pkl
UUUUH212601650.U^H26,observed,22,19,option_pipeline_data_partial.pkl
UUUUH212601700.U^H26,observed,43,43,option_pipeline_data_partial.pkl
UUUUH212601750.U^H26,observed,3,5,option_pipeline_data_partial.pkl
UUUUH212601800.U^H26,observed,40,45,option_pipeline_data_partial.pkl
UUUUH212601850.U^H26,observed,3,4,option_pipeline_data_partial.pkl
UUUUH282601050.U^H26,observed,37,7,option_pipeline_data_partial.pkl
UUUUH282601100.U^H26,observed,37,24,option_pipeline_data_partial.pkl
UUUUH282601150.U^H26,observed,37,26,option_pipeline_data_partial.pkl
UUUUH282601200.U^H26,observed,37,28,option_pipeline_data_partial.pkl
UUUUH282601250.U^H26,observed,37,31,option_pipeline_data_partial.pkl
UUUUH282601300.U^H26,observed,37,33,option_pipeline_data_partial.pkl
UUUUH282601350.U^H26,observed,37,29,option_pipeline_data_partial.pkl
UUUUH282601400.U^H26,observed,37,35,option_pipeline_data_partial.pkl
UUUUH282601450.U^H26,observed,37,26,option_pipeline_data_partial.pkl
UUUUH282601500.U^H26,observed,36,36,option_pipeline_data_partial.pkl
UUUUH282601550.U^H26,observed,36,31,option_pipeline_data_partial.pkl
UUUUH282601600.U^H26,observed,36,34,option_pipeline_data_partial.pkl
UUUUH282601650.U^H26,observed,36,24,option_pipeline_data_partial.pkl
UUUUH282601700.U^H26,observed,36,32,option_pipeline_data_partial.pkl
UUUUH282601750.U^H26,observed,34,23,option_pipeline_data_partial.pkl
UUUUH282601800.U^H26,observed,30,28,option_pipeline_data_partial.pkl
UUUUH282601850.U^H26,observed,27,13,option_pipeline_data_partial.pkl
UUUUI042601050.U^I26,observed,32,10,option_pipeline_data_partial.pkl
UUUUI042601100.U^I26,observed,32,23,option_pipeline_data_partial.pkl
UUUUI042601150.U^I26,observed,32,7,option_pipeline_data_partial.pkl
UUUUI042601200.U^I26,observed,32,27,option_pipeline_data_partial.pkl
UUUUI042601250.U^I26,observed,32,20,option_pipeline_data_partial.pkl
UUUUI042601300.U^I26,observed,32,22,option_pipeline_data_partial.pkl
UUUUI042601350.U^I26,observed,32,26,option_pipeline_data_partial.pkl
UUUUI042601400.U^I26,observed,32,30,option_pipeline_data_partial.pkl
UUUUI042601450.U^I26,observed,31,27,option_pipeline_data_partial.pkl
UUUUI042601500.U^I26,observed,31,30,option_pipeline_data_partial.pkl
UUUUI042601550.U^I26,observed,31,25,option_pipeline_data_partial.pkl
UUUUI042601600.U^I26,observed,29,25,option_pipeline_data_partial.pkl
UUUUI042601650.U^I26,observed,27,24,option_pipeline_data_partial.pkl
UUUUI042601700.U^I26,observed,26,26,option_pipeline_data_partial.pkl
UUUUI042601750.U^I26,observed,23,20,option_pipeline_data_partial.pkl
UUUUI042601800.U^I26,observed,22,23,option_pipeline_data_partial.pkl
UUUUI042601850.U^I26,observed,8,11,option_pipeline_data_partial.pkl
UUUUR122601050.U^F26,no_observations,0,0,
UUUUR122601100.U^F26,no_observations,0,0,
UUUUR122601150.U^F26,no_observations,0,0,
UUUUR122601200.U^F26,observed,0,1,
UUUUR122601250.U^F26,no_observations,0,0,
UUUUR122601300.U^F26,observed,0,1,
UUUUR122601350.U^F26,observed,0,1,
UUUUR122601400.U^F26,observed,0,1,
UUUUR122601450.U^F26,observed,0,1,
UUUUR122601500.U^F26,observed,1,1,
UUUUR122601550.U^F26,observed,1,1,
UUUUR122601600.U^F26,observed,1,1,
UUUUR122601650.U^F26,observed,1,1,
UUUUR122601700.U^F26,observed,1,1,
UUUUR122601750.U^F26,observed,1,1,
UUUUR122601800.U^F26,observed,1,1,
UUUUR122601850.U^F26,observed,1,0,
UUUUR192601050.U^F26,no_observations,0,0,
UUUUR192601100.U^F26,no_observations,0,0,
UUUUR192601150.U^F26,no_observations,0,0,
UUUUR192601200.U^F26,no_observations,0,0,
UUUUR192601250.U^F26,no_observations,0,0,
UUUUR192601300.U^F26,no_observations,0,0,
UUUUR192601350.U^F26,no_observations,0,0,
UUUUR192601400.U^F26,no_observations,0,0,
UUUUR192601450.U^F26,no_observations,0,0,
UUUUR192601500.U^F26,no_observations,0,0,
UUUUR192601550.U^F26,no_observations,0,0,
UUUUR192601600.U^F26,no_observations,0,0,
UUUUR192601650.U^F26,no_observations,0,0,
UUUUR192601700.U^F26,no_observations,0,0,
UUUUR192601750.U^F26,no_observations,0,0,
UUUUR192601800.U^F26,no_observations,0,0,
UUUUR192601850.U^F26,no_observations,0,0,
UUUUR262601050.U^F26,no_observations,0,0,
UUUUR262601100.U^F26,observed,0,2,
UUUUR262601150.U^F26,no_observations,0,0,
UUUUR262601200.U^F26,observed,1,4,
UUUUR262601250.U^F26,observed,2,7,
UUUUR262601300.U^F26,observed,6,10,
UUUUR262601350.U^F26,observed,4,10,
UUUUR262601400.U^F26,observed,9,10,
UUUUR262601450.U^F26,observed,9,10,
UUUUR262601500.U^F26,observed,10,10,
UUUUR262601550.U^F26,observed,10,10,
UUUUR262601600.U^F26,observed,10,10,
UUUUR262601650.U^F26,observed,10,10,
UUUUR262601700.U^F26,observed,10,10,
UUUUR262601750.U^F26,observed,10,9,
UUUUR262601800.U^F26,observed,10,10,
UUUUR262601850.U^F26,observed,10,8,
UUUUS032601050.U^G26,no_observations,0,0,
UUUUS032601100.U^G26,no_observations,0,0,
UUUUS032601150.U^G26,no_observations,0,0,
UUUUS032601200.U^G26,no_observations,0,0,
UUUUS032601250.U^G26,no_observations,0,0,
UUUUS032601300.U^G26,no_observations,0,0,
UUUUS032601350.U^G26,no_observations,0,0,
UUUUS032601400.U^G26,no_observations,0,0,
UUUUS032601450.U^G26,no_observations,0,0,
UUUUS032601500.U^G26,no_observations,0,0,
UUUUS032601550.U^G26,no_observations,0,0,
UUUUS032601600.U^G26,no_observations,0,0,
UUUUS032601650.U^G26,no_observations,0,0,
UUUUS032601700.U^G26,no_observations,0,0,
UUUUS032601750.U^G26,no_observations,0,0,
UUUUS032601800.U^G26,no_observations,0,0,
UUUUS032601850.U^G26,no_observations,0,0,
UUUUS102601050.U^G26,no_observations,0,0,
UUUUS102601100.U^G26,observed,4,12,
UUUUS102601150.U^G26,observed,4,9,
UUUUS102601200.U^G26,observed,18,18,
UUUUS102601250.U^G26,observed,13,13,
UUUUS102601300.U^G26,observed,18,19,
UUUUS102601350.U^G26,observed,18,19,
UUUUS102601400.U^G26,observed,19,19,
UUUUS102601450.U^G26,observed,19,17,
UUUUS102601500.U^G26,observed,19,18,
UUUUS102601550.U^G26,observed,19,16,
UUUUS102601600.U^G26,observed,19,18,
UUUUS102601650.U^G26,observed,19,14,
UUUUS102601700.U^G26,observed,19,18,
UUUUS102601750.U^G26,observed,19,11,
UUUUS102601800.U^G26,observed,19,14,
UUUUS102601850.U^G26,observed,19,11,
UUUUS172601050.U^G26,no_observations,0,0,
UUUUS172601100.U^G26,observed,18,22,
UUUUS172601150.U^G26,observed,16,15,
UUUUS172601200.U^G26,observed,24,24,
UUUUS172601250.U^G26,observed,19,19,
UUUUS172601300.U^G26,observed,24,24,
UUUUS172601350.U^G26,observed,19,18,
UUUUS172601400.U^G26,observed,24,24,
UUUUS172601450.U^G26,observed,19,19,
UUUUS172601500.U^G26,observed,24,24,
UUUUS172601550.U^G26,observed,19,15,
UUUUS172601600.U^G26,observed,24,24,
UUUUS172601650.U^G26,observed,19,18,
UUUUS172601700.U^G26,observed,24,24,
UUUUS172601750.U^G26,observed,19,11,
UUUUS172601800.U^G26,observed,24,22,
UUUUS172601850.U^G26,observed,19,12,
UUUUS242601050.U^G26,observed,7,8,
UUUUS242601100.U^G26,observed,27,16,
UUUUS242601150.U^G26,observed,15,13,
UUUUS242601200.U^G26,observed,29,24,
UUUUS242601250.U^G26,observed,15,15,
UUUUS242601300.U^G26,observed,29,29,
UUUUS242601350.U^G26,observed,29,26,
UUUUS242601400.U^G26,observed,29,24,
UUUUS242601450.U^G26,observed,29,26,
UUUUS242601500.U^G26,observed,29,27,
UUUUS242601550.U^G26,observed,29,21,
UUUUS242601600.U^G26,observed,29,23,
UUUUS242601650.U^G26,observed,29,25,
UUUUS242601700.U^G26,observed,29,26,
UUUUS242601750.U^G26,observed,29,14,
UUUUS242601800.U^G26,observed,29,18,
UUUUS242601850.U^G26,observed,29,19,
UUUUS312601050.U^G26,observed,33,26,
UUUUS312601100.U^G26,observed,33,28,
UUUUS312601150.U^G26,observed,34,26,
UUUUS312601200.U^G26,observed,34,29,
UUUUS312601250.U^G26,observed,34,28,
UUUUS312601300.U^G26,observed,34,30,
UUUUS312601350.U^G26,observed,34,23,
UUUUS312601400.U^G26,observed,34,31,
UUUUS312601450.U^G26,observed,34,29,
UUUUS312601500.U^G26,observed,34,28,
UUUUS312601550.U^G26,observed,34,18,
UUUUS312601600.U^G26,observed,34,27,
UUUUS312601650.U^G26,observed,34,27,
UUUUS312601700.U^G26,observed,34,28,
UUUUS312601750.U^G26,observed,34,17,
UUUUS312601800.U^G26,observed,34,21,
UUUUS312601850.U^G26,observed,34,15,
UUUUT072601050.U^H26,observed,28,23,
UUUUT072601100.U^H26,observed,29,25,
UUUUT072601150.U^H26,observed,30,25,
UUUUT072601200.U^H26,observed,30,29,
UUUUT072601250.U^H26,observed,29,24,
UUUUT072601300.U^H26,observed,30,25,
UUUUT072601350.U^H26,observed,29,24,
UUUUT072601400.U^H26,observed,30,24,
UUUUT072601450.U^H26,observed,31,22,
UUUUT072601500.U^H26,observed,31,23,
UUUUT072601550.U^H26,observed,31,8,
UUUUT072601600.U^H26,observed,31,24,
UUUUT072601650.U^H26,observed,31,23,
UUUUT072601700.U^H26,observed,31,21,
UUUUT072601750.U^H26,observed,31,13,
UUUUT072601800.U^H26,observed,31,19,
UUUUT072601850.U^H26,observed,31,4,
UUUUT142601050.U^H26,observed,26,20,
UUUUT142601100.U^H26,observed,26,29,
UUUUT142601150.U^H26,observed,28,29,
UUUUT142601200.U^H26,observed,25,25,
UUUUT142601250.U^H26,observed,28,24,
UUUUT142601300.U^H26,observed,29,30,
UUUUT142601350.U^H26,observed,30,20,
UUUUT142601400.U^H26,observed,30,22,
UUUUT142601450.U^H26,observed,30,20,
UUUUT142601500.U^H26,observed,30,21,
UUUUT142601550.U^H26,observed,31,12,
UUUUT142601600.U^H26,observed,31,19,
UUUUT142601650.U^H26,observed,31,23,
UUUUT142601700.U^H26,observed,31,23,
UUUUT142601750.U^H26,observed,31,14,
UUUUT142601800.U^H26,observed,31,13,
UUUUT142601850.U^H26,observed,31,6,
UUUUT212601050.U^H26,observed,16,21,
UUUUT212601100.U^H26,observed,37,41,
UUUUT212601150.U^H26,observed,15,22,
UUUUT212601200.U^H26,observed,39,42,
UUUUT212601250.U^H26,observed,19,20,
UUUUT212601300.U^H26,observed,43,41,
UUUUT212601350.U^H26,observed,24,18,
UUUUT212601400.U^H26,observed,44,44,
UUUUT212601450.U^H26,observed,24,17,
UUUUT212601500.U^H26,observed,44,44,
UUUUT212601550.U^H26,observed,25,14,
UUUUT212601600.U^H26,observed,45,40,
UUUUT212601650.U^H26,observed,25,20,
UUUUT212601700.U^H26,observed,45,41,
UUUUT212601750.U^H26,observed,10,3,
UUUUT212601800.U^H26,observed,45,36,
UUUUT212601850.U^H26,observed,10,4,
UUUUT282601050.U^H26,observed,28,16,
UUUUT282601100.U^H26,observed,32,25,
UUUUT282601150.U^H26,observed,25,20,
UUUUT282601200.U^H26,observed,27,24,
UUUUT282601250.U^H26,observed,33,28,
UUUUT282601300.U^H26,observed,33,28,
UUUUT282601350.U^H26,observed,35,23,
UUUUT282601400.U^H26,observed,35,28,
UUUUT282601450.U^H26,observed,36,24,
UUUUT282601500.U^H26,observed,37,26,
UUUUT282601550.U^H26,observed,37,16,
UUUUT282601600.U^H26,observed,37,25,
UUUUT282601650.U^H26,observed,37,29,
UUUUT282601700.U^H26,observed,37,31,
UUUUT282601750.U^H26,observed,37,9,
UUUUT282601800.U^H26,observed,37,14,
UUUUT282601850.U^H26,observed,36,14,
UUUUU042601050.U^I26,observed,13,11,
UUUUU042601100.U^I26,observed,17,20,
UUUUU042601150.U^I26,observed,18,19,
UUUUU042601200.U^I26,observed,26,25,
UUUUU042601250.U^I26,observed,28,23,
UUUUU042601300.U^I26,observed,30,25,
UUUUU042601350.U^I26,observed,31,21,
UUUUU042601400.U^I26,observed,31,26,
UUUUU042601450.U^I26,observed,32,21,
UUUUU042601500.U^I26,observed,32,23,
UUUUU042601550.U^I26,observed,32,23,
UUUUU042601600.U^I26,observed,32,16,
UUUUU042601650.U^I26,observed,32,23,
UUUUU042601700.U^I26,observed,32,20,
UUUUU042601750.U^I26,observed,32,8,
UUUUU042601800.U^I26,observed,31,14,
UUUUU042601850.U^I26,observed,15,5,
