time,phase,cash,shares,short_calls,option_ric,strike,expiry,stock_mark,option_mark,lmv,option_mv,nav,initial,maintenance,available,excess,mark_status,benchmark_nav
2026-07-13T14:00:00Z,hourly,30000.0,0,0,,,,321.215,0,0.0,0,30000.0,0.0,0.0,30000.0,30000.0,observed,30000.0
2026-07-13T15:00:00Z,after-entry,-1582.5,100,1,AAPLG172632000.U^G26,320.0,2026-07-17,319.075,3.25,31907.5,-325.0,30000.0,15953.75,7976.875,14046.25,22023.125,observed,30000.0
2026-07-13T16:00:00Z,hourly,-1582.5,100,1,AAPLG172632000.U^G26,320.0,2026-07-17,317.12,2.415,31712.0,-241.5,29888.0,15856.0,7928.0,14032.0,21960.0,observed,29804.5
2026-07-13T17:00:00Z,hourly,-1582.5,100,1,AAPLG172632000.U^G26,320.0,2026-07-17,316.605,2.235,31660.5,-223.5,29854.5,15830.25,7915.125,14024.25,21939.375,observed,29753.000000000004
2026-07-13T18:00:00Z,hourly,-1582.5,100,1,AAPLG172632000.U^G26,320.0,2026-07-17,316.16,2.1399999999999997,31616.000000000004,-213.99999999999997,29819.500000000004,15808.000000000002,7904.000000000001,14011.500000000002,21915.500000000004,observed,29708.500000000004
2026-07-13T19:00:00Z,hourly,-1582.5,100,1,AAPLG172632000.U^G26,320.0,2026-07-17,317.2252,2.48,31722.519999999997,-248.0,29892.019999999997,15861.259999999998,7930.629999999999,14030.759999999998,21961.39,observed,29815.019999999997
2026-07-13T20:00:00Z,hourly,-1582.5,100,1,AAPLG172632000.U^G26,320.0,2026-07-17,317.47,2.585,31747.000000000004,-258.5,29906.000000000004,15873.500000000002,7936.750000000001,14032.500000000002,21969.250000000004,observed,29839.500000000004
2026-07-14T14:00:00Z,hourly,-1582.5,100,1,AAPLG172632000.U^G26,320.0,2026-07-17,314.522,1.38,31452.2,-138.0,29731.7,15726.1,7863.05,14005.6,21868.65,observed,29544.7
2026-07-14T15:00:00Z,hourly,-1582.5,100,1,AAPLG172632000.U^G26,320.0,2026-07-17,314.9501,1.43,31495.010000000002,-143.0,29769.510000000002,15747.505000000001,7873.7525000000005,14022.005000000001,21895.7575,observed,29587.510000000002
2026-07-14T16:00:00Z,hourly,-1582.5,100,1,AAPLG172632000.U^G26,320.0,2026-07-17,313.288,1.04,31328.800000000003,-104.0,29642.300000000003,15664.400000000001,7832.200000000001,13977.900000000001,21810.100000000002,observed,29421.300000000003
2026-07-14T17:00:00Z,hourly,-1582.5,100,1,AAPLG172632000.U^G26,320.0,2026-07-17,314.12,1.18,31412.0,-118.0,29711.5,15706.0,7853.0,14005.5,21858.5,observed,29504.5
2026-07-14T18:00:00Z,hourly,-1582.5,100,1,AAPLG172632000.U^G26,320.0,2026-07-17,315.196,1.38,31519.600000000002,-138.0,29799.100000000002,15759.800000000001,7879.900000000001,14039.300000000001,21919.2,observed,29612.100000000002
2026-07-14T19:00:00Z,hourly,-1582.5,100,1,AAPLG172632000.U^G26,320.0,2026-07-17,315.494,1.41,31549.4,-141.0,29825.9,15774.7,7887.35,14051.2,21938.550000000003,observed,29641.900000000005
2026-07-14T20:00:00Z,hourly,-1582.5,100,1,AAPLG172632000.U^G26,320.0,2026-07-17,314.92,1.26,31492.0,-126.0,29783.5,15746.0,7873.0,14037.5,21910.5,observed,29584.500000000004
2026-07-15T14:00:00Z,hourly,-1582.5,100,1,AAPLG172632000.U^G26,320.0,2026-07-17,320.765,3.325,32076.5,-332.5,30161.5,16038.25,8019.125,14123.25,22142.375,observed,30169.0
2026-07-15T15:00:00Z,hourly,-1582.5,100,1,AAPLG172632000.U^G26,320.0,2026-07-17,323.9258,5.35,32392.579999999998,-535.0,30275.079999999998,16196.289999999999,8098.1449999999995,14078.789999999999,22176.934999999998,observed,30485.079999999998
2026-07-15T16:00:00Z,hourly,-1582.5,100,1,AAPLG172632000.U^G26,320.0,2026-07-17,326.3058,7.325,32630.579999999998,-732.5,30315.579999999998,16315.289999999999,8157.6449999999995,14000.289999999999,22157.934999999998,observed,30723.079999999998
2026-07-15T17:00:00Z,hourly,-1582.5,100,1,AAPLG172632000.U^G26,320.0,2026-07-17,327.96,8.65,32796.0,-865.0,30348.5,16398.0,8199.0,13950.5,22149.5,observed,30888.5
2026-07-15T18:00:00Z,hourly,-1582.5,100,1,AAPLG172632000.U^G26,320.0,2026-07-17,327.5851,8.475,32758.510000000002,-847.5,30328.510000000002,16379.255000000001,8189.6275000000005,13949.255000000001,22138.8825,observed,30851.010000000002
2026-07-15T19:00:00Z,hourly,-1582.5,100,1,AAPLG172632000.U^G26,320.0,2026-07-17,327.525,8.225,32752.499999999996,-822.5,30347.499999999996,16376.249999999998,8188.124999999999,13971.249999999998,22159.374999999996,observed,30845.0
2026-07-15T20:00:00Z,hourly,-1582.5,100,1,AAPLG172632000.U^G26,320.0,2026-07-17,327.43,8.05,32743.0,-805.0000000000001,30355.5,16371.5,8185.75,13984.0,22169.75,observed,30835.5
2026-07-16T14:00:00Z,hourly,-1582.5,100,1,AAPLG172632000.U^G26,320.0,2026-07-17,331.12,11.175,33112.0,-1117.5,30412.0,16556.0,8278.0,13856.0,22134.0,observed,31204.5
2026-07-16T15:00:00Z,hourly,-1582.5,100,1,AAPLG172632000.U^G26,320.0,2026-07-17,330.1829,10.399999999999999,33018.29,-1039.9999999999998,30395.79,16509.145,8254.5725,13886.645,22141.2175,observed,31110.790000000005
2026-07-16T16:00:00Z,hourly,-1582.5,100,1,AAPLG172632000.U^G26,320.0,2026-07-17,331.85,12.0,33185.0,-1200.0,30402.5,16592.5,8296.25,13810.0,22106.25,observed,31277.500000000004
2026-07-16T17:00:00Z,hourly,-1582.5,100,1,AAPLG172632000.U^G26,320.0,2026-07-17,332.0729,12.175,33207.29,-1217.5,30407.29,16603.645,8301.8225,13803.645,22105.4675,observed,31299.79
2026-07-16T18:00:00Z,hourly,-1582.5,100,1,AAPLG172632000.U^G26,320.0,2026-07-17,331.635,11.925,33163.5,-1192.5,30388.5,16581.75,8290.875,13806.75,22097.625,observed,31256.0
2026-07-16T19:00:00Z,hourly,-1582.5,100,1,AAPLG172632000.U^G26,320.0,2026-07-17,333.18,13.45,33318.0,-1345.0,30390.5,16659.0,8329.5,13731.5,22061.0,observed,31410.5
2026-07-16T20:00:00Z,hourly,-1582.5,100,1,AAPLG172632000.U^G26,320.0,2026-07-17,333.22,13.5,33322.0,-1350.0,30389.5,16661.0,8330.5,13728.5,22059.0,observed,31414.500000000004
2026-07-17T14:00:00Z,hourly,-1582.5,100,1,AAPLG172632000.U^G26,320.0,2026-07-17,330.98,11.100000000000001,33098.0,-1110.0000000000002,30405.5,16549.0,8274.5,13856.5,22131.0,observed,31190.500000000004
2026-07-17T15:00:00Z,hourly,-1582.5,100,1,AAPLG172632000.U^G26,320.0,2026-07-17,333.1772,13.025,33317.72,-1302.5,30432.72,16658.86,8329.43,13773.86,22103.29,observed,31410.220000000005
2026-07-17T16:00:00Z,hourly,-1582.5,100,1,AAPLG172632000.U^G26,320.0,2026-07-17,332.3458,12.350000000000001,33234.58,-1235.0000000000002,30417.08,16617.29,8308.645,13799.79,22108.435,observed,31327.08
2026-07-17T17:00:00Z,hourly,-1582.5,100,1,AAPLG172632000.U^G26,320.0,2026-07-17,330.5529,10.625,33055.29,-1062.5,30410.29,16527.645,8263.8225,13882.645,22146.4675,observed,31147.790000000005
2026-07-17T18:00:00Z,hourly,-1582.5,100,1,AAPLG172632000.U^G26,320.0,2026-07-17,331.78,11.825,33178.0,-1182.5,30413.0,16589.0,8294.5,13824.0,22118.5,observed,31270.5
2026-07-17T19:00:00Z,hourly,-1582.5,100,1,AAPLG172632000.U^G26,320.0,2026-07-17,333.926,14.149999999999999,33392.6,-1414.9999999999998,30395.1,16696.3,8348.15,13698.8,22046.949999999997,observed,31485.1
2026-07-17T20:00:00Z,pre-expiry,-1582.5,100,1,AAPLG172632000.U^G26,320.0,2026-07-17,333.53,13.529999999999973,33353.0,-1352.9999999999973,30417.500000000004,16676.5,8338.25,13741.000000000004,22079.250000000004,observed,31445.5
2026-07-17T20:00:00Z,post-expiry,30417.5,0,0,,,,333.53,0,0.0,0,30417.5,0.0,0.0,30417.5,30417.5,observed,31445.5
2026-07-20T14:00:00Z,hourly,30417.5,0,0,,,,328.91,0,0.0,0,30417.5,0.0,0.0,30417.5,30417.5,observed,30983.500000000004
2026-07-20T15:00:00Z,after-entry,-1809.5,100,1,AAPLG242632750.U^G26,327.5,2026-07-24,326.42,4.15,32642.0,-415.00000000000006,30417.5,16321.0,8160.5,14096.5,22257.0,observed,30734.500000000004
2026-07-20T16:00:00Z,hourly,-1809.5,100,1,AAPLG242632750.U^G26,327.5,2026-07-24,325.996,3.8,32599.6,-380.0,30410.1,16299.8,8149.9,14110.3,22260.199999999997,observed,30692.1
2026-07-20T17:00:00Z,hourly,-1809.5,100,1,AAPLG242632750.U^G26,327.5,2026-07-24,324.2577,2.91,32425.77,-291.0,30325.27,16212.885,8106.4425,14112.385,22218.8275,observed,30518.27
2026-07-20T18:00:00Z,hourly,-1809.5,100,1,AAPLG242632750.U^G26,327.5,2026-07-24,324.802,3.075,32480.2,-307.5,30363.2,16240.1,8120.05,14123.1,22243.15,observed,30572.700000000004
2026-07-20T19:00:00Z,hourly,-1809.5,100,1,AAPLG242632750.U^G26,327.5,2026-07-24,326.77,4.025,32677.0,-402.50000000000006,30465.0,16338.5,8169.25,14126.5,22295.75,observed,30769.5
2026-07-20T20:00:00Z,hourly,-1809.5,100,1,AAPLG242632750.U^G26,327.5,2026-07-24,326.65,4.25,32664.999999999996,-425.0,30430.499999999996,16332.499999999998,8166.249999999999,14097.999999999998,22264.249999999996,observed,30757.5
2026-07-21T14:00:00Z,hourly,-1809.5,100,1,AAPLG242632750.U^G26,327.5,2026-07-24,324.115,2.785,32411.5,-278.5,30323.5,16205.75,8102.875,14117.75,22220.625,observed,30504.000000000004
2026-07-21T15:00:00Z,hourly,-1809.5,100,1,AAPLG242632750.U^G26,327.5,2026-07-24,327.1158,3.8,32711.579999999998,-380.0,30522.079999999998,16355.789999999999,8177.8949999999995,14166.289999999999,22344.184999999998,observed,30804.079999999998
2026-07-21T16:00:00Z,hourly,-1809.5,100,1,AAPLG242632750.U^G26,327.5,2026-07-24,328.7832,4.625,32878.32,-462.5,30606.32,16439.16,8219.58,14167.16,22386.739999999998,observed,30970.820000000003
2026-07-21T17:00:00Z,hourly,-1809.5,100,1,AAPLG242632750.U^G26,327.5,2026-07-24,328.435,4.375,32843.5,-437.5,30596.5,16421.75,8210.875,14174.75,22385.625,observed,30936.0
2026-07-21T18:00:00Z,hourly,-1809.5,100,1,AAPLG242632750.U^G26,327.5,2026-07-24,327.68,3.95,32768.0,-395.0,30563.5,16384.0,8192.0,14179.5,22371.5,observed,30860.5
2026-07-21T19:00:00Z,hourly,-1809.5,100,1,AAPLG242632750.U^G26,327.5,2026-07-24,328.185,4.225,32818.5,-422.49999999999994,30586.5,16409.25,8204.625,14177.25,22381.875,observed,30911.0
2026-07-21T20:00:00Z,hourly,-1809.5,100,1,AAPLG242632750.U^G26,327.5,2026-07-24,327.61,3.95,32761.0,-395.0,30556.5,16380.5,8190.25,14176.0,22366.25,observed,30853.500000000004
2026-07-22T14:00:00Z,hourly,-1809.5,100,1,AAPLG242632750.U^G26,327.5,2026-07-24,325.95,2.6399999999999997,32595.0,-263.99999999999994,30521.5,16297.5,8148.75,14224.0,22372.75,observed,30687.5
2026-07-22T15:00:00Z,hourly,-1809.5,100,1,AAPLG242632750.U^G26,327.5,2026-07-24,325.6,2.295,32560.000000000004,-229.5,30521.000000000004,16280.000000000002,8140.000000000001,14241.000000000002,22381.000000000004,observed,30652.500000000004
2026-07-22T16:00:00Z,hourly,-1809.5,100,1,AAPLG242632750.U^G26,327.5,2026-07-24,325.08,2.0300000000000002,32508.0,-203.00000000000003,30495.5,16254.0,8127.0,14241.5,22368.5,observed,30600.5
2026-07-22T17:00:00Z,hourly,-1809.5,100,1,AAPLG242632750.U^G26,327.5,2026-07-24,324.2,1.76,32420.0,-176.0,30434.5,16210.0,8105.0,14224.5,22329.5,observed,30512.5
2026-07-22T18:00:00Z,hourly,-1809.5,100,1,AAPLG242632750.U^G26,327.5,2026-07-24,323.938,1.5750000000000002,32393.8,-157.50000000000003,30426.8,16196.9,8098.45,14229.9,22328.35,observed,30486.3
2026-07-22T19:00:00Z,hourly,-1809.5,100,1,AAPLG242632750.U^G26,327.5,2026-07-24,324.3,1.6400000000000001,32430.0,-164.0,30456.5,16215.0,8107.5,14241.5,22349.0,observed,30522.500000000004
2026-07-22T20:00:00Z,hourly,-1809.5,100,1,AAPLG242632750.U^G26,327.5,2026-07-24,326.09,2.415,32608.999999999996,-241.5,30557.999999999996,16304.499999999998,8152.249999999999,14253.499999999998,22405.749999999996,observed,30701.5
2026-07-23T14:00:00Z,hourly,-1809.5,100,1,AAPLG242632750.U^G26,327.5,2026-07-24,320.1297,0.495,32012.97,-49.5,30153.97,16006.485,8003.2425,14147.485,22150.7275,observed,30105.47
2026-07-23T15:00:00Z,hourly,-1809.5,100,1,AAPLG242632750.U^G26,327.5,2026-07-24,321.3,0.475,32130.0,-47.5,30273.0,16065.0,8032.5,14208.0,22240.5,observed,30222.500000000004
2026-07-23T16:00:00Z,hourly,-1809.5,100,1,AAPLG242632750.U^G26,327.5,2026-07-24,320.8815,0.405,32088.15,-40.5,30238.15,16044.075,8022.0375,14194.075,22216.112500000003,observed,30180.65
2026-07-23T17:00:00Z,hourly,-1809.5,100,1,AAPLG242632750.U^G26,327.5,2026-07-24,320.6145,0.33999999999999997,32061.45,-34.0,30217.95,16030.725,8015.3625,14187.225,22202.5875,observed,30153.950000000004
2026-07-23T18:00:00Z,hourly,-1809.5,100,1,AAPLG242632750.U^G26,327.5,2026-07-24,320.526,0.33999999999999997,32052.600000000002,-34.0,30209.100000000002,16026.300000000001,8013.150000000001,14182.800000000001,22195.95,observed,30145.100000000002
2026-07-23T19:00:00Z,hourly,-1809.5,100,1,AAPLG242632750.U^G26,327.5,2026-07-24,320.72,0.305,32072.000000000004,-30.5,30232.000000000004,16036.000000000002,8018.000000000001,14196.000000000002,22214.000000000004,observed,30164.500000000004
2026-07-23T20:00:00Z,hourly,-1809.5,100,1,AAPLG242632750.U^G26,327.5,2026-07-24,321.58,0.29500000000000004,32158.0,-29.500000000000004,30319.0,16079.0,8039.5,14240.0,22279.5,observed,30250.5
2026-07-24T14:00:00Z,hourly,-1809.5,100,1,AAPLG242632750.U^G26,327.5,2026-07-24,326.8999,1.03,32689.99,-103.0,30777.49,16344.995,8172.4975,14432.495,22604.9925,observed,30782.49
2026-07-24T15:00:00Z,hourly,-1809.5,100,1,AAPLG242632750.U^G26,327.5,2026-07-24,329.965,2.795,32996.5,-279.5,30907.5,16498.25,8249.125,14409.25,22658.375,observed,31089.0
2026-07-24T16:00:00Z,hourly,-1809.5,100,1,AAPLG242632750.U^G26,327.5,2026-07-24,333.056,5.675,33305.6,-567.5,30928.6,16652.8,8326.4,14275.8,22602.199999999997,observed,31398.1
2026-07-24T17:00:00Z,hourly,-1809.5,100,1,AAPLG242632750.U^G26,327.5,2026-07-24,333.192,5.65,33319.2,-565.0,30944.699999999997,16659.6,8329.8,14285.099999999999,22614.899999999998,observed,31411.7
2026-07-24T18:00:00Z,hourly,-1809.5,100,1,AAPLG242632750.U^G26,327.5,2026-07-24,332.645,5.25,33264.5,-525.0,30930.0,16632.25,8316.125,14297.75,22613.875,observed,31357.0
2026-07-24T19:00:00Z,hourly,-1809.5,100,1,AAPLG242632750.U^G26,327.5,2026-07-24,332.948,5.449999999999999,33294.799999999996,-544.9999999999999,30940.299999999996,16647.399999999998,8323.699999999999,14292.899999999998,22616.6,observed,31387.3
2026-07-24T20:00:00Z,pre-expiry,-1809.5,100,1,AAPLG242632750.U^G26,327.5,2026-07-24,333.07,5.569999999999993,33307.0,-556.9999999999993,30940.5,16653.5,8326.75,14287.0,22613.75,observed,31399.5
2026-07-24T20:00:00Z,post-expiry,30940.5,0,0,,,,333.07,0,0.0,0,30940.5,0.0,0.0,30940.5,30940.5,observed,31399.5
2026-07-27T14:00:00Z,hourly,30940.5,0,0,,,,335.606,0,0.0,0,30940.5,0.0,0.0,30940.5,30940.5,observed,31653.100000000002
2026-07-27T15:00:00Z,after-entry,-2278.0,100,1,AAPLG312634000.U^G26,340.0,2026-07-31,338.21,6.025,33821.0,-602.5,30940.5,16910.5,8455.25,14030.0,22485.25,observed,31913.5
2026-07-27T16:00:00Z,hourly,-2278.0,100,1,AAPLG312634000.U^G26,340.0,2026-07-31,337.0829,5.425,33708.29,-542.5,30887.79,16854.145,8427.0725,14033.645,22460.7175,observed,31800.79
2026-07-27T17:00:00Z,hourly,-2278.0,100,1,AAPLG312634000.U^G26,340.0,2026-07-31,336.674,5.3,33667.399999999994,-530.0,30859.399999999994,16833.699999999997,8416.849999999999,14025.699999999997,22442.549999999996,observed,31759.899999999998
2026-07-27T18:00:00Z,hourly,-2278.0,100,1,AAPLG312634000.U^G26,340.0,2026-07-31,335.5,4.75,33550.0,-475.0,30797.0,16775.0,8387.5,14022.0,22409.5,observed,31642.5
2026-07-27T19:00:00Z,hourly,-2278.0,100,1,AAPLG312634000.U^G26,340.0,2026-07-31,335.85,4.800000000000001,33585.0,-480.00000000000006,30827.0,16792.5,8396.25,14034.5,22430.75,observed,31677.500000000004
2026-07-27T20:00:00Z,hourly,-2278.0,100,1,AAPLG312634000.U^G26,340.0,2026-07-31,336.79,5.275,33679.0,-527.5,30873.5,16839.5,8419.75,14034.0,22453.75,observed,31771.500000000004
2026-07-28T14:00:00Z,hourly,-2278.0,100,1,AAPLG312634000.U^G26,340.0,2026-07-31,337.53,5.475,33753.0,-547.5,30927.5,16876.5,8438.25,14051.0,22489.25,observed,31845.5
2026-07-28T15:00:00Z,hourly,-2278.0,100,1,AAPLG312634000.U^G26,340.0,2026-07-31,337.055,5.300000000000001,33705.5,-530.0000000000001,30897.5,16852.75,8426.375,14044.75,22471.125,observed,31798.0
2026-07-28T16:00:00Z,hourly,-2278.0,100,1,AAPLG312634000.U^G26,340.0,2026-07-31,339.6572,6.35,33965.72,-635.0,31052.72,16982.86,8491.43,14069.86,22561.29,observed,32058.22
2026-07-28T17:00:00Z,hourly,-2278.0,100,1,AAPLG312634000.U^G26,340.0,2026-07-31,339.776,6.35,33977.6,-635.0,31064.6,16988.8,8494.4,14075.8,22570.199999999997,observed,32070.100000000002
2026-07-28T18:00:00Z,hourly,-2278.0,100,1,AAPLG312634000.U^G26,340.0,2026-07-31,339.745,6.375,33974.5,-637.5,31059.0,16987.25,8493.625,14071.75,22565.375,observed,32067.0
2026-07-28T19:00:00Z,hourly,-2278.0,100,1,AAPLG312634000.U^G26,340.0,2026-07-31,339.35,6.275,33935.0,-627.5,31029.5,16967.5,8483.75,14062.0,22545.75,observed,32027.500000000004
2026-07-28T20:00:00Z,hourly,-2278.0,100,1,AAPLG312634000.U^G26,340.0,2026-07-31,340.0,6.55,34000.0,-655.0,31067.0,17000.0,8500.0,14067.0,22567.0,observed,32092.5
2026-07-29T14:00:00Z,hourly,-2278.0,100,1,AAPLG312634000.U^G26,340.0,2026-07-31,342.84,7.9,34284.0,-790.0,31216.0,17142.0,8571.0,14074.0,22645.0,observed,32376.5
2026-07-29T15:00:00Z,hourly,-2278.0,100,1,AAPLG312634000.U^G26,340.0,2026-07-31,340.39,6.375,34039.0,-637.5,31123.5,17019.5,8509.75,14104.0,22613.75,observed,32131.5
2026-07-29T16:00:00Z,hourly,-2278.0,100,1,AAPLG312634000.U^G26,340.0,2026-07-31,341.06,6.800000000000001,34106.0,-680.0000000000001,31148.0,17053.0,8526.5,14095.0,22621.5,observed,32198.5
2026-07-29T17:00:00Z,hourly,-2278.0,100,1,AAPLG312634000.U^G26,340.0,2026-07-31,341.31,6.85,34131.0,-685.0,31168.0,17065.5,8532.75,14102.5,22635.25,observed,32223.5
2026-07-29T18:00:00Z,hourly,-2278.0,100,1,AAPLG312634000.U^G26,340.0,2026-07-31,343.236,7.975,34323.6,-797.5,31248.1,17161.8,8580.9,14086.3,22667.199999999997,observed,32416.1
2026-07-29T19:00:00Z,hourly,-2278.0,100,1,AAPLG312634000.U^G26,340.0,2026-07-31,342.9,7.625,34290.0,-762.5,31249.5,17145.0,8572.5,14104.5,22677.0,observed,32382.5
2026-07-29T20:00:00Z,hourly,-2278.0,100,1,AAPLG312634000.U^G26,340.0,2026-07-31,338.05,5.25,33805.0,-525.0,31002.0,16902.5,8451.25,14099.5,22550.75,observed,31897.500000000004
2026-07-30T14:00:00Z,hourly,-2278.0,100,1,AAPLG312634000.U^G26,340.0,2026-07-31,332.09,2.575,33209.0,-257.5,30673.5,16604.5,8302.25,14069.0,22371.25,observed,31301.5
2026-07-30T15:00:00Z,hourly,-2278.0,100,1,AAPLG312634000.U^G26,340.0,2026-07-31,332.3029,2.585,33230.29,-258.5,30693.79,16615.145,8307.5725,14078.645,22386.2175,observed,31322.790000000005
2026-07-30T16:00:00Z,hourly,-2278.0,100,1,AAPLG312634000.U^G26,340.0,2026-07-31,331.755,2.385,33175.5,-238.49999999999997,30659.0,16587.75,8293.875,14071.25,22365.125,observed,31268.0
2026-07-30T17:00:00Z,hourly,-2278.0,100,1,AAPLG312634000.U^G26,340.0,2026-07-31,331.6,2.34,33160.0,-234.0,30648.0,16580.0,8290.0,14068.0,22358.0,observed,31252.500000000004
2026-07-30T18:00:00Z,hourly,-2278.0,100,1,AAPLG312634000.U^G26,340.0,2026-07-31,333.3155,2.8,33331.549999999996,-280.0,30773.549999999996,16665.774999999998,8332.887499999999,14107.774999999998,22440.6625,observed,31424.05
2026-07-30T19:00:00Z,hourly,-2278.0,100,1,AAPLG312634000.U^G26,340.0,2026-07-31,333.74,3.075,33374.0,-307.5,30788.5,16687.0,8343.5,14101.5,22445.0,observed,31466.500000000004
2026-07-30T20:00:00Z,hourly,-2278.0,100,1,AAPLG312634000.U^G26,340.0,2026-07-31,333.86,3.375,33386.0,-337.5,30770.5,16693.0,8346.5,14077.5,22424.0,observed,31478.500000000004
2026-07-31T14:00:00Z,hourly,-2278.0,100,1,AAPLG312634000.U^G26,340.0,2026-07-31,302.79,,30279.000000000004,,,15139.500000000002,7569.750000000001,,,missing option bid/ask; NAV unknown,28371.500000000004
2026-07-31T15:00:00Z,hourly,-2278.0,100,1,AAPLG312634000.U^G26,340.0,2026-07-31,303.1672,,30316.719999999998,,,15158.359999999999,7579.179999999999,,,missing option bid/ask; NAV unknown,28409.219999999998
2026-07-31T16:00:00Z,hourly,-2278.0,100,1,AAPLG312634000.U^G26,340.0,2026-07-31,301.304278,,30130.4278,,,15065.2139,7532.60695,,,missing option bid/ask; NAV unknown,28222.9278
2026-07-31T17:00:00Z,hourly,-2278.0,100,1,AAPLG312634000.U^G26,340.0,2026-07-31,300.866,,30086.6,,,15043.3,7521.65,,,missing option bid/ask; NAV unknown,28179.1
2026-07-31T18:00:00Z,hourly,-2278.0,100,1,AAPLG312634000.U^G26,340.0,2026-07-31,300.639,,30063.9,,,15031.95,7515.975,,,missing option bid/ask; NAV unknown,28156.4
2026-07-31T19:00:00Z,hourly,-2278.0,100,1,AAPLG312634000.U^G26,340.0,2026-07-31,302.8399,,30283.99,,,15141.995,7570.9975,,,missing option bid/ask; NAV unknown,28376.49
2026-07-31T20:00:00Z,pre-expiry,-2278.0,100,1,AAPLG312634000.U^G26,340.0,2026-07-31,309.05,0,30905.0,0,28627.0,15452.5,7726.25,13174.5,20900.75,observed,28997.500000000004
2026-07-31T20:00:00Z,post-expiry,-2278.0,100,0,,,,309.05,0,30905.0,0,28627.0,15452.5,7726.25,13174.5,20900.75,observed,28997.500000000004
2026-08-03T14:00:00Z,hourly,-2278.0,100,0,,,,305.9188,0,30591.879999999997,0,28313.879999999997,15295.939999999999,7647.969999999999,13017.939999999999,20665.909999999996,observed,28684.379999999997
2026-08-03T15:00:00Z,hourly,-2278.0,100,0,,,,305.3488,0,30534.879999999997,0,28256.879999999997,15267.439999999999,7633.719999999999,12989.439999999999,20623.159999999996,observed,28627.38
2026-08-03T16:00:00Z,hourly,-2278.0,100,0,,,,303.775,0,30377.499999999996,0,28099.499999999996,15188.749999999998,7594.374999999999,12910.749999999998,20505.124999999996,observed,28470.0
2026-08-03T17:00:00Z,hourly,-2278.0,100,0,,,,306.6,0,30660.000000000004,0,28382.000000000004,15330.000000000002,7665.000000000001,13052.000000000002,20717.000000000004,observed,28752.500000000004
2026-08-03T18:00:00Z,hourly,-2278.0,100,0,,,,306.075,0,30607.5,0,28329.5,15303.75,7651.875,13025.75,20677.625,observed,28700.0
2026-08-03T19:00:00Z,hourly,-2278.0,100,0,,,,305.216,0,30521.600000000002,0,28243.600000000002,15260.800000000001,7630.400000000001,12982.800000000001,20613.2,observed,28614.100000000002
2026-08-03T20:00:00Z,hourly,-2278.0,100,0,,,,303.4,0,30339.999999999996,0,28061.999999999996,15169.999999999998,7584.999999999999,12891.999999999998,20476.999999999996,observed,28432.5
2026-08-04T14:00:00Z,hourly,-2278.0,100,0,,,,305.3152,0,30531.52,0,28253.52,15265.76,7632.88,12987.76,20620.64,observed,28624.02
2026-08-04T15:00:00Z,hourly,-2278.0,100,0,,,,306.2395,0,30623.95,0,28345.95,15311.975,7655.9875,13033.975,20689.9625,observed,28716.450000000004
2026-08-04T16:00:00Z,hourly,-2278.0,100,0,,,,306.3558,0,30635.579999999998,0,28357.579999999998,15317.789999999999,7658.8949999999995,13039.789999999999,20698.684999999998,observed,28728.08
2026-08-04T17:00:00Z,hourly,-2278.0,100,0,,,,308.2454,0,30824.54,0,28546.54,15412.27,7706.135,13134.27,20840.405,observed,28917.040000000005
2026-08-04T18:00:00Z,hourly,-2278.0,100,0,,,,309.356,0,30935.6,0,28657.6,15467.8,7733.9,13189.8,20923.699999999997,observed,29028.100000000002
2026-08-04T19:00:00Z,hourly,-2278.0,100,0,,,,308.534,0,30853.399999999998,0,28575.399999999998,15426.699999999999,7713.349999999999,13148.699999999999,20862.05,observed,28945.9
2026-08-04T20:00:00Z,hourly,-2278.0,100,0,,,,309.275,0,30927.499999999996,0,28649.499999999996,15463.749999999998,7731.874999999999,13185.749999999998,20917.624999999996,observed,29020.0
2026-08-05T14:00:00Z,hourly,-2278.0,100,0,,,,308.0,0,30800.0,0,28522.0,15400.0,7700.0,13122.0,20822.0,observed,28892.5
2026-08-05T15:00:00Z,hourly,-2278.0,100,0,,,,310.8079,0,31080.79,0,28802.79,15540.395,7770.1975,13262.395,21032.5925,observed,29173.290000000005
2026-08-05T16:00:00Z,hourly,-2278.0,100,0,,,,308.0,0,30800.0,0,28522.0,15400.0,7700.0,13122.0,20822.0,observed,28892.5
2026-08-05T17:00:00Z,hourly,-2278.0,100,0,,,,308.828,0,30882.799999999996,0,28604.799999999996,15441.399999999998,7720.699999999999,13163.399999999998,20884.1,observed,28975.3
2026-08-05T18:00:00Z,hourly,-2278.0,100,0,,,,308.932,0,30893.2,0,28615.2,15446.6,7723.3,13168.6,20891.9,observed,28985.700000000004
2026-08-05T19:00:00Z,hourly,-2278.0,100,0,,,,308.96,0,30895.999999999996,0,28617.999999999996,15447.999999999998,7723.999999999999,13169.999999999998,20893.999999999996,observed,28988.5
2026-08-05T20:00:00Z,hourly,-2278.0,100,0,,,,310.9742,0,31097.42,0,28819.42,15548.71,7774.355,13270.71,21045.065,observed,29189.920000000002
2026-08-06T14:00:00Z,hourly,-2278.0,100,0,,,,314.77,0,31477.0,0,29199.0,15738.5,7869.25,13460.5,21329.75,observed,29569.5
2026-08-06T15:00:00Z,hourly,-2278.0,100,0,,,,313.354,0,31335.399999999998,0,29057.399999999998,15667.699999999999,7833.849999999999,13389.699999999999,21223.55,observed,29427.9
2026-08-06T16:00:00Z,hourly,-2278.0,100,0,,,,309.54,0,30954.000000000004,0,28676.000000000004,15477.000000000002,7738.500000000001,13199.000000000002,20937.500000000004,observed,29046.500000000004
2026-08-06T17:00:00Z,hourly,-2278.0,100,0,,,,311.661,0,31166.1,0,28888.1,15583.05,7791.525,13305.05,21096.574999999997,observed,29258.600000000002
2026-08-06T18:00:00Z,hourly,-2278.0,100,0,,,,312.16,0,31216.000000000004,0,28938.000000000004,15608.000000000002,7804.000000000001,13330.000000000002,21134.000000000004,observed,29308.500000000004
2026-08-06T19:00:00Z,hourly,-2278.0,100,0,,,,312.278,0,31227.800000000003,0,28949.800000000003,15613.900000000001,7806.950000000001,13335.900000000001,21142.850000000002,observed,29320.300000000003
2026-08-06T20:00:00Z,hourly,-2278.0,100,0,,,,312.5,0,31250.0,0,28972.0,15625.0,7812.5,13347.0,21159.5,observed,29342.5
2026-08-07T14:00:00Z,hourly,-2278.0,100,0,,,,311.675,0,31167.5,0,28889.5,15583.75,7791.875,13305.75,21097.625,observed,29260.000000000004
2026-08-07T15:00:00Z,hourly,-2278.0,100,0,,,,314.3429,0,31434.289999999997,0,29156.289999999997,15717.144999999999,7858.572499999999,13439.144999999999,21297.7175,observed,29526.79
2026-08-07T16:00:00Z,hourly,-2278.0,100,0,,,,312.1572,0,31215.719999999998,0,28937.719999999998,15607.859999999999,7803.929999999999,13329.859999999999,21133.789999999997,observed,29308.22
2026-08-07T17:00:00Z,hourly,-2278.0,100,0,,,,312.22,0,31222.000000000004,0,28944.000000000004,15611.000000000002,7805.500000000001,13333.000000000002,21138.500000000004,observed,29314.500000000004
2026-08-07T18:00:00Z,hourly,-2278.0,100,0,,,,312.994,0,31299.4,0,29021.4,15649.7,7824.85,13371.7,21196.550000000003,observed,29391.900000000005
2026-08-07T19:00:00Z,hourly,-2278.0,100,0,,,,312.41,0,31241.000000000004,0,28963.000000000004,15620.500000000002,7810.250000000001,13342.500000000002,21152.750000000004,observed,29333.500000000004
2026-08-07T20:00:00Z,hourly,-2278.0,100,0,,,,313.34,0,31333.999999999996,0,29055.999999999996,15666.999999999998,7833.499999999999,13388.999999999998,21222.499999999996,observed,29426.5
2026-08-10T14:00:00Z,hourly,-2278.0,100,0,,,,306.9586,0,30695.86,0,28417.86,15347.93,7673.965,13069.93,20743.895,observed,28788.36
2026-08-10T15:00:00Z,after-entry,-1928.0,100,1,AAPLH142630750.U^H26,307.5,2026-08-14,307.134,3.5,30713.4,-350.0,28435.4,15356.7,7678.35,13078.7,20757.050000000003,observed,28805.9
2026-08-10T16:00:00Z,hourly,-1928.0,100,1,AAPLH142630750.U^H26,307.5,2026-08-14,307.14,3.3499999999999996,30714.0,-334.99999999999994,28451.0,15357.0,7678.5,13094.0,20772.5,observed,28806.5
2026-08-10T17:00:00Z,hourly,-1928.0,100,1,AAPLH142630750.U^H26,307.5,2026-08-14,306.2624,2.9299999999999997,30626.24,-293.0,28405.24,15313.12,7656.56,13092.12,20748.68,observed,28718.74
2026-08-10T18:00:00Z,hourly,-1928.0,100,1,AAPLH142630750.U^H26,307.5,2026-08-14,306.725,3.125,30672.500000000004,-312.5,28432.000000000004,15336.250000000002,7668.125000000001,13095.750000000002,20763.875000000004,observed,28765.000000000004
2026-08-10T19:00:00Z,hourly,-1928.0,100,1,AAPLH142630750.U^H26,307.5,2026-08-14,307.048,3.2,30704.8,-320.0,28456.8,15352.4,7676.2,13104.4,20780.6,observed,28797.300000000003
2026-08-10T20:00:00Z,hourly,-1928.0,100,1,AAPLH142630750.U^H26,307.5,2026-08-14,308.21,3.775,30820.999999999996,-377.5,28515.499999999996,15410.499999999998,7705.249999999999,13104.999999999998,20810.249999999996,observed,28913.5
2026-08-11T14:00:00Z,hourly,-1928.0,100,1,AAPLH142630750.U^H26,307.5,2026-08-14,306.29,2.465,30629.000000000004,-246.5,28454.500000000004,15314.500000000002,7657.250000000001,13140.000000000002,20797.250000000004,observed,28721.500000000004
2026-08-11T15:00:00Z,hourly,-1928.0,100,1,AAPLH142630750.U^H26,307.5,2026-08-14,306.59,2.4699999999999998,30658.999999999996,-246.99999999999997,28483.999999999996,15329.499999999998,7664.749999999999,13154.499999999998,20819.249999999996,observed,28751.5
2026-08-11T16:00:00Z,hourly,-1928.0,100,1,AAPLH142630750.U^H26,307.5,2026-08-14,307.2443,2.755,30724.43,-275.5,28520.93,15362.215,7681.1075,13158.715,20839.822500000002,observed,28816.93
2026-08-11T17:00:00Z,hourly,-1928.0,100,1,AAPLH142630750.U^H26,307.5,2026-08-14,306.236,2.23,30623.6,-223.0,28472.6,15311.8,7655.9,13160.8,20816.699999999997,observed,28716.1
2026-08-11T18:00:00Z,hourly,-1928.0,100,1,AAPLH142630750.U^H26,307.5,2026-08-14,306.02,2.19,30602.0,-219.0,28455.0,15301.0,7650.5,13154.0,20804.5,observed,28694.5
2026-08-11T19:00:00Z,hourly,-1928.0,100,1,AAPLH142630750.U^H26,307.5,2026-08-14,304.348,1.56,30434.800000000003,-156.0,28350.800000000003,15217.400000000001,7608.700000000001,13133.400000000001,20742.100000000002,observed,28527.300000000003
2026-08-11T20:00:00Z,hourly,-1928.0,100,1,AAPLH142630750.U^H26,307.5,2026-08-14,304.91,1.73,30491.000000000004,-173.0,28390.000000000004,15245.500000000002,7622.750000000001,13144.500000000002,20767.250000000004,observed,28583.500000000004
2026-08-12T14:00:00Z,hourly,-1928.0,100,1,AAPLH142630750.U^H26,307.5,2026-08-14,303.37,0.95,30337.0,-95.0,28314.0,15168.5,7584.25,13145.5,20729.75,observed,28429.5
2026-08-12T15:00:00Z,hourly,-1928.0,100,1,AAPLH142630750.U^H26,307.5,2026-08-14,302.442,0.71,30244.2,-71.0,28245.2,15122.1,7561.05,13123.1,20684.15,observed,28336.7
2026-08-12T16:00:00Z,hourly,-1928.0,100,1,AAPLH142630750.U^H26,307.5,2026-08-14,301.18,0.52,30118.0,-52.0,28138.0,15059.0,7529.5,13079.0,20608.5,observed,28210.5
2026-08-12T17:00:00Z,hourly,-1928.0,100,1,AAPLH142630750.U^H26,307.5,2026-08-14,302.165,0.65,30216.500000000004,-65.0,28223.500000000004,15108.250000000002,7554.125000000001,13115.250000000002,20669.375000000004,observed,28309.000000000004
2026-08-12T18:00:00Z,hourly,-1928.0,100,1,AAPLH142630750.U^H26,307.5,2026-08-14,301.505,0.565,30150.5,-56.49999999999999,28166.0,15075.25,7537.625,13090.75,20628.375,observed,28243.0
2026-08-12T19:00:00Z,hourly,-1928.0,100,1,AAPLH142630750.U^H26,307.5,2026-08-14,301.416,0.54,30141.6,-54.0,28159.6,15070.8,7535.4,13088.8,20624.199999999997,observed,28234.100000000002
2026-08-12T20:00:00Z,hourly,-1928.0,100,1,AAPLH142630750.U^H26,307.5,2026-08-14,302.23,0.63,30223.0,-63.0,28232.0,15111.5,7555.75,13120.5,20676.25,observed,28315.500000000004
2026-08-13T14:00:00Z,hourly,-1928.0,100,1,AAPLH142630750.U^H26,307.5,2026-08-14,304.5801,0.8,30458.010000000002,-80.0,28450.010000000002,15229.005000000001,7614.5025000000005,13221.005000000001,20835.5075,observed,28550.510000000002
2026-08-13T15:00:00Z,hourly,-1928.0,100,1,AAPLH142630750.U^H26,307.5,2026-08-14,305.1229,0.89,30512.29,-89.0,28495.29,15256.145,7628.0725,13239.145,20867.2175,observed,28604.79
2026-08-13T16:00:00Z,hourly,-1928.0,100,1,AAPLH142630750.U^H26,307.5,2026-08-14,302.7972,0.375,30279.719999999998,-37.5,28314.219999999998,15139.859999999999,7569.929999999999,13174.359999999999,20744.289999999997,observed,28372.219999999998
2026-08-13T17:00:00Z,hourly,-1928.0,100,1,AAPLH142630750.U^H26,307.5,2026-08-14,303.0443,0.365,30304.43,-36.5,28339.93,15152.215,7576.1075,13187.715,20763.822500000002,observed,28396.930000000004
2026-08-13T18:00:00Z,hourly,-1928.0,100,1,AAPLH142630750.U^H26,307.5,2026-08-14,303.4432,0.385,30344.32,-38.5,28377.82,15172.16,7586.08,13205.66,20791.739999999998,observed,28436.82
2026-08-13T19:00:00Z,hourly,-1928.0,100,1,AAPLH142630750.U^H26,307.5,2026-08-14,303.18,0.36,30318.0,-36.0,28354.0,15159.0,7579.5,13195.0,20774.5,observed,28410.5
2026-08-13T20:00:00Z,hourly,-1928.0,100,1,AAPLH142630750.U^H26,307.5,2026-08-14,305.29,0.815,30529.000000000004,-81.5,28519.500000000004,15264.500000000002,7632.250000000001,13255.000000000002,20887.250000000004,observed,28621.500000000004
2026-08-14T14:00:00Z,hourly,-1928.0,100,1,AAPLH142630750.U^H26,307.5,2026-08-14,306.14,0.495,30614.0,-49.5,28636.5,15307.0,7653.5,13329.5,20983.0,observed,28706.5
2026-08-14T15:00:00Z,hourly,-1928.0,100,1,AAPLH142630750.U^H26,307.5,2026-08-14,305.16,0.135,30516.000000000004,-13.5,28574.500000000004,15258.000000000002,7629.000000000001,13316.500000000002,20945.500000000004,observed,28608.500000000004
2026-08-14T16:00:00Z,hourly,-1928.0,100,1,AAPLH142630750.U^H26,307.5,2026-08-14,305.6732,0.14500000000000002,30567.32,-14.500000000000002,28624.82,15283.66,7641.83,13341.16,20982.989999999998,observed,28659.820000000003
2026-08-14T17:00:00Z,hourly,-1928.0,100,1,AAPLH142630750.U^H26,307.5,2026-08-14,305.43,0.07500000000000001,30543.0,-7.500000000000001,28607.5,15271.5,7635.75,13336.0,20971.75,observed,28635.5
2026-08-14T18:00:00Z,hourly,-1928.0,100,1,AAPLH142630750.U^H26,307.5,2026-08-14,306.05,0.095,30605.0,-9.5,28667.5,15302.5,7651.25,13365.0,21016.25,observed,28697.500000000004
2026-08-14T19:00:00Z,hourly,-1928.0,100,1,AAPLH142630750.U^H26,307.5,2026-08-14,305.588,0.025,30558.800000000003,-2.5,28628.300000000003,15279.400000000001,7639.700000000001,13348.900000000001,20988.600000000002,observed,28651.300000000003
2026-08-14T20:00:00Z,pre-expiry,-1928.0,100,1,AAPLH142630750.U^H26,307.5,2026-08-14,305.97,0,30597.000000000004,0,28669.000000000004,15298.500000000002,7649.250000000001,13370.500000000002,21019.750000000004,observed,28689.500000000004
2026-08-14T20:00:00Z,post-expiry,-1928.0,100,0,,,,305.97,0,30597.000000000004,0,28669.000000000004,15298.500000000002,7649.250000000001,13370.500000000002,21019.750000000004,observed,28689.500000000004
2026-08-17T14:00:00Z,hourly,-1928.0,100,0,,,,305.4,0,30539.999999999996,0,28611.999999999996,15269.999999999998,7634.999999999999,13341.999999999998,20976.999999999996,observed,28632.5
2026-08-17T15:00:00Z,after-entry,-1655.0,100,1,AAPLH212630500.U^H26,305.0,2026-08-21,304.13,2.73,30413.0,-273.0,28485.0,15206.5,7603.25,13278.5,20881.75,observed,28505.5
2026-08-17T16:00:00Z,hourly,-1655.0,100,1,AAPLH212630500.U^H26,305.0,2026-08-21,303.1786,2.315,30317.86,-231.5,28431.36,15158.93,7579.465,13272.43,20851.895,observed,28410.360000000004
2026-08-17T17:00:00Z,hourly,-1655.0,100,1,AAPLH212630500.U^H26,305.0,2026-08-21,303.046,2.34,30304.6,-234.0,28415.6,15152.3,7576.15,13263.3,20839.449999999997,observed,28397.1
2026-08-17T18:00:00Z,hourly,-1655.0,100,1,AAPLH212630500.U^H26,305.0,2026-08-21,304.3,2.875,30430.0,-287.5,28487.5,15215.0,7607.5,13272.5,20880.0,observed,28522.500000000004
2026-08-17T19:00:00Z,hourly,-1655.0,100,1,AAPLH212630500.U^H26,305.0,2026-08-21,305.68,3.55,30568.0,-355.0,28558.0,15284.0,7642.0,13274.0,20916.0,observed,28660.5
2026-08-17T20:00:00Z,hourly,-1655.0,100,1,AAPLH212630500.U^H26,305.0,2026-08-21,305.68,3.575,30568.0,-357.5,28555.5,15284.0,7642.0,13271.5,20913.5,observed,28660.5
2026-08-18T14:00:00Z,hourly,-1655.0,100,1,AAPLH212630500.U^H26,305.0,2026-08-21,307.29,4.25,30729.000000000004,-425.0,28649.000000000004,15364.500000000002,7682.250000000001,13284.500000000002,20966.750000000004,observed,28821.500000000004
2026-08-18T15:00:00Z,hourly,-1655.0,100,1,AAPLH212630500.U^H26,305.0,2026-08-21,310.395,6.725,31039.5,-672.5,28712.0,15519.75,7759.875,13192.25,20952.125,observed,29132.0
2026-08-18T16:00:00Z,hourly,-1655.0,100,1,AAPLH212630500.U^H26,305.0,2026-08-21,309.54,5.9,30954.000000000004,-590.0,28709.000000000004,15477.000000000002,7738.500000000001,13232.000000000002,20970.500000000004,observed,29046.500000000004
2026-08-18T17:00:00Z,hourly,-1655.0,100,1,AAPLH212630500.U^H26,305.0,2026-08-21,310.75,6.825,31075.0,-682.5,28737.5,15537.5,7768.75,13200.0,20968.75,observed,29167.5
2026-08-18T18:00:00Z,hourly,-1655.0,100,1,AAPLH212630500.U^H26,305.0,2026-08-21,310.13,6.325,31013.0,-632.5,28725.5,15506.5,7753.25,13219.0,20972.25,observed,29105.5
2026-08-18T19:00:00Z,hourly,-1655.0,100,1,AAPLH212630500.U^H26,305.0,2026-08-21,310.376,6.675,31037.6,-667.5,28715.1,15518.8,7759.4,13196.3,20955.699999999997,observed,29130.1
2026-08-18T20:00:00Z,hourly,-1655.0,100,1,AAPLH212630500.U^H26,305.0,2026-08-21,310.13,6.5,31013.0,-650.0,28708.0,15506.5,7753.25,13201.5,20954.75,observed,29105.5
2026-08-19T14:00:00Z,hourly,-1655.0,100,1,AAPLH212630500.U^H26,305.0,2026-08-21,316.375,11.525,31637.5,-1152.5,28830.0,15818.75,7909.375,13011.25,20920.625,observed,29730.0
2026-08-19T15:00:00Z,hourly,-1655.0,100,1,AAPLH212630500.U^H26,305.0,2026-08-21,317.8689,13.274999999999999,31786.89,-1327.4999999999998,28804.39,15893.445,7946.7225,12910.945,20857.6675,observed,29879.39
2026-08-19T16:00:00Z,hourly,-1655.0,100,1,AAPLH212630500.U^H26,305.0,2026-08-21,316.2986,11.575,31629.86,-1157.5,28817.36,15814.93,7907.465,13002.43,20909.895,observed,29722.360000000004
2026-08-19T17:00:00Z,hourly,-1655.0,100,1,AAPLH212630500.U^H26,305.0,2026-08-21,315.12,10.55,31512.0,-1055.0,28802.0,15756.0,7878.0,13046.0,20924.0,observed,29604.5
2026-08-19T18:00:00Z,hourly,-1655.0,100,1,AAPLH212630500.U^H26,305.0,2026-08-21,315.214,10.675,31521.4,-1067.5,28798.9,15760.7,7880.35,13038.2,20918.550000000003,observed,29613.9
2026-08-19T19:00:00Z,hourly,-1655.0,100,1,AAPLH212630500.U^H26,305.0,2026-08-21,314.8988,10.35,31489.88,-1035.0,28799.88,15744.94,7872.47,13054.94,20927.41,observed,29582.38
2026-08-19T20:00:00Z,hourly,-1655.0,100,1,AAPLH212630500.U^H26,305.0,2026-08-21,316.76,11.775,31676.0,-1177.5,28843.5,15838.0,7919.0,13005.5,20924.5,observed,29768.5
2026-08-20T14:00:00Z,hourly,-1655.0,100,1,AAPLH212630500.U^H26,305.0,2026-08-21,317.2657,12.375,31726.57,-1237.5,28834.07,15863.285,7931.6425,12970.785,20902.427499999998,observed,29819.07
2026-08-20T15:00:00Z,hourly,-1655.0,100,1,AAPLH212630500.U^H26,305.0,2026-08-21,317.424,12.525,31742.399999999998,-1252.5,28834.899999999998,15871.199999999999,7935.599999999999,12963.699999999999,20899.3,observed,29834.899999999998
2026-08-20T16:00:00Z,hourly,-1655.0,100,1,AAPLH212630500.U^H26,305.0,2026-08-21,316.935,12.175,31693.5,-1217.5,28821.0,15846.75,7923.375,12974.25,20897.625,observed,29786.0
2026-08-20T17:00:00Z,hourly,-1655.0,100,1,AAPLH212630500.U^H26,305.0,2026-08-21,317.2101,12.3,31721.010000000002,-1230.0,28836.010000000002,15860.505000000001,7930.2525000000005,12975.505000000001,20905.7575,observed,29813.510000000002
2026-08-20T18:00:00Z,hourly,-1655.0,100,1,AAPLH212630500.U^H26,305.0,2026-08-21,316.324,11.55,31632.4,-1155.0,28822.4,15816.2,7908.1,13006.2,20914.300000000003,observed,29724.9
2026-08-20T19:00:00Z,hourly,-1655.0,100,1,AAPLH212630500.U^H26,305.0,2026-08-21,315.1279,10.45,31512.79,-1045.0,28812.79,15756.395,7878.1975,13056.395,20934.5925,observed,29605.29
2026-08-20T20:00:00Z,hourly,-1655.0,100,1,AAPLH212630500.U^H26,305.0,2026-08-21,311.25,6.775,31125.0,-677.5,28792.5,15562.5,7781.25,13230.0,21011.25,observed,29217.5
2026-08-21T14:00:00Z,hourly,-1655.0,100,1,AAPLH212630500.U^H26,305.0,2026-08-21,307.34,2.85,30733.999999999996,-285.0,28793.999999999996,15366.999999999998,7683.499999999999,13426.999999999998,21110.499999999996,observed,28826.5
2026-08-21T15:00:00Z,hourly,-1655.0,100,1,AAPLH212630500.U^H26,305.0,2026-08-21,309.4586,4.449999999999999,30945.86,-444.99999999999994,28845.86,15472.93,7736.465,13372.93,21109.395,observed,29038.36
2026-08-21T16:00:00Z,hourly,-1655.0,100,1,AAPLH212630500.U^H26,305.0,2026-08-21,311.53,6.45,31152.999999999996,-645.0,28852.999999999996,15576.499999999998,7788.249999999999,13276.499999999998,21064.749999999996,observed,29245.5
2026-08-21T17:00:00Z,hourly,-1655.0,100,1,AAPLH212630500.U^H26,305.0,2026-08-21,311.005,5.975,31100.5,-597.5,28848.0,15550.25,7775.125,13297.75,21072.875,observed,29193.0
2026-08-21T18:00:00Z,hourly,-1655.0,100,1,AAPLH212630500.U^H26,305.0,2026-08-21,309.565,4.6,30956.5,-459.99999999999994,28841.5,15478.25,7739.125,13363.25,21102.375,observed,29049.0
2026-08-21T19:00:00Z,hourly,-1655.0,100,1,AAPLH212630500.U^H26,305.0,2026-08-21,308.804,3.8,30880.399999999998,-380.0,28845.399999999998,15440.199999999999,7720.099999999999,13405.199999999999,21125.3,observed,28972.899999999998
2026-08-21T20:00:00Z,pre-expiry,-1655.0,100,1,AAPLH212630500.U^H26,305.0,2026-08-21,309.33,4.329999999999984,30933.0,-432.9999999999984,28845.0,15466.5,7733.25,13378.5,21111.75,observed,29025.5
2026-08-21T20:00:00Z,post-expiry,28845.0,0,0,,,,309.33,0,0.0,0,28845.0,0.0,0.0,28845.0,28845.0,observed,29025.5
2026-08-24T14:00:00Z,hourly,28845.0,0,0,,,,311.83,0,0.0,0,28845.0,0.0,0.0,28845.0,28845.0,observed,29275.5
2026-08-24T15:00:00Z,after-entry,-2184.5000000000036,100,1,AAPLH282631500.U^H26,315.0,2026-08-28,312.97,2.675,31297.000000000004,-267.5,28845.0,15648.500000000002,7824.250000000001,13196.499999999998,21020.75,observed,29389.500000000004
2026-08-24T16:00:00Z,hourly,-2184.5000000000036,100,1,AAPLH282631500.U^H26,315.0,2026-08-28,311.69,2.0300000000000002,31169.0,-203.00000000000003,28781.499999999996,15584.5,7792.25,13196.999999999996,20989.249999999996,observed,29261.5
2026-08-24T17:00:00Z,hourly,-2184.5000000000036,100,1,AAPLH282631500.U^H26,315.0,2026-08-28,312.94,2.62,31294.0,-262.0,28847.499999999996,15647.0,7823.5,13200.499999999996,21023.999999999996,observed,29386.5
2026-08-24T18:00:00Z,hourly,-2184.5000000000036,100,1,AAPLH282631500.U^H26,315.0,2026-08-28,312.02,2.18,31202.0,-218.00000000000003,28799.499999999996,15601.0,7800.5,13198.499999999996,20998.999999999996,observed,29294.5
2026-08-24T19:00:00Z,hourly,-2184.5000000000036,100,1,AAPLH282631500.U^H26,315.0,2026-08-28,311.592,2.085,31159.199999999997,-208.5,28766.199999999993,15579.599999999999,7789.799999999999,13186.599999999995,20976.399999999994,observed,29251.7
2026-08-24T20:00:00Z,hourly,-2184.5000000000036,100,1,AAPLH282631500.U^H26,315.0,2026-08-28,310.36,1.665,31036.0,-166.5,28684.999999999996,15518.0,7759.0,13166.999999999996,20925.999999999996,observed,29128.500000000004
2026-08-25T14:00:00Z,hourly,-2184.5000000000036,100,1,AAPLH282631500.U^H26,315.0,2026-08-28,310.44,1.44,31044.0,-144.0,28715.499999999996,15522.0,7761.0,13193.499999999996,20954.499999999996,observed,29136.5
2026-08-25T15:00:00Z,hourly,-2184.5000000000036,100,1,AAPLH282631500.U^H26,315.0,2026-08-28,309.0886,1.0150000000000001,30908.859999999997,-101.50000000000001,28622.859999999993,15454.429999999998,7727.214999999999,13168.429999999995,20895.644999999993,observed,29001.36
2026-08-25T16:00:00Z,hourly,-2184.5000000000036,100,1,AAPLH282631500.U^H26,315.0,2026-08-28,309.6,1.1,30960.000000000004,-110.00000000000001,28665.5,15480.000000000002,7740.000000000001,13185.499999999998,20925.5,observed,29052.500000000004
2026-08-25T17:00:00Z,hourly,-2184.5000000000036,100,1,AAPLH282631500.U^H26,315.0,2026-08-28,310.038,1.165,31003.800000000003,-116.5,28702.8,15501.900000000001,7750.950000000001,13200.899999999998,20951.85,observed,29096.300000000003
2026-08-25T18:00:00Z,hourly,-2184.5000000000036,100,1,AAPLH282631500.U^H26,315.0,2026-08-28,309.468,0.98,30946.800000000003,-98.0,28664.3,15473.400000000001,7736.700000000001,13190.899999999998,20927.6,observed,29039.300000000003
2026-08-25T19:00:00Z,hourly,-2184.5000000000036,100,1,AAPLH282631500.U^H26,315.0,2026-08-28,308.576,0.8300000000000001,30857.600000000002,-83.0,28590.1,15428.800000000001,7714.400000000001,13161.299999999997,20875.699999999997,observed,28950.100000000002
2026-08-25T20:00:00Z,hourly,-2184.5000000000036,100,1,AAPLH282631500.U^H26,315.0,2026-08-28,309.8,1.17,30980.0,-117.0,28678.499999999996,15490.0,7745.0,13188.499999999996,20933.499999999996,observed,29072.500000000004
2026-08-26T14:00:00Z,hourly,-2184.5000000000036,100,1,AAPLH282631500.U^H26,315.0,2026-08-28,312.5,1.665,31250.0,-166.5,28898.999999999996,15625.0,7812.5,13273.999999999996,21086.499999999996,observed,29342.5
2026-08-26T15:00:00Z,hourly,-2184.5000000000036,100,1,AAPLH282631500.U^H26,315.0,2026-08-28,312.816,1.7,31281.6,-170.0,28927.099999999995,15640.8,7820.4,13286.299999999996,21106.699999999997,observed,29374.1
2026-08-26T16:00:00Z,hourly,-2184.5000000000036,100,1,AAPLH282631500.U^H26,315.0,2026-08-28,312.93,1.685,31293.0,-168.5,28939.999999999996,15646.5,7823.25,13293.499999999996,21116.749999999996,observed,29385.5
2026-08-26T17:00:00Z,hourly,-2184.5000000000036,100,1,AAPLH282631500.U^H26,315.0,2026-08-28,313.034,1.79,31303.399999999998,-179.0,28939.899999999994,15651.699999999999,7825.849999999999,13288.199999999995,21114.049999999996,observed,29395.9
2026-08-26T18:00:00Z,hourly,-2184.5000000000036,100,1,AAPLH282631500.U^H26,315.0,2026-08-28,312.946,1.705,31294.600000000002,-170.5,28939.6,15647.300000000001,7823.650000000001,13292.299999999997,21115.949999999997,observed,29387.100000000002
2026-08-26T19:00:00Z,hourly,-2184.5000000000036,100,1,AAPLH282631500.U^H26,315.0,2026-08-28,314.56,2.48,31456.0,-248.0,29023.499999999996,15728.0,7864.0,13295.499999999996,21159.499999999996,observed,29548.5
2026-08-26T20:00:00Z,hourly,-2184.5000000000036,100,1,AAPLH282631500.U^H26,315.0,2026-08-28,313.46,1.9449999999999998,31345.999999999996,-194.49999999999997,28966.999999999993,15672.999999999998,7836.499999999999,13293.999999999995,21130.499999999993,observed,29438.5
2026-08-27T14:00:00Z,hourly,-2184.5000000000036,100,1,AAPLH282631500.U^H26,315.0,2026-08-28,311.605,0.86,31160.5,-86.0,28889.999999999996,15580.25,7790.125,13309.749999999996,21099.874999999996,observed,29253.000000000004
2026-08-27T15:00:00Z,hourly,-2184.5000000000036,100,1,AAPLH282631500.U^H26,315.0,2026-08-28,313.41,1.37,31341.000000000004,-137.0,29019.5,15670.500000000002,7835.250000000001,13348.999999999998,21184.25,observed,29433.500000000004
2026-08-27T16:00:00Z,hourly,-2184.5000000000036,100,1,AAPLH282631500.U^H26,315.0,2026-08-28,314.805,1.89,31480.5,-189.0,29106.999999999996,15740.25,7870.125,13366.749999999996,21236.874999999996,observed,29573.0
2026-08-27T17:00:00Z,hourly,-2184.5000000000036,100,1,AAPLH282631500.U^H26,315.0,2026-08-28,314.99,1.8900000000000001,31499.0,-189.0,29125.499999999996,15749.5,7874.75,13375.999999999996,21250.749999999996,observed,29591.500000000004
2026-08-27T18:00:00Z,hourly,-2184.5000000000036,100,1,AAPLH282631500.U^H26,315.0,2026-08-28,314.83,1.725,31483.0,-172.5,29125.999999999996,15741.5,7870.75,13384.499999999996,21255.249999999996,observed,29575.5
2026-08-27T19:00:00Z,hourly,-2184.5000000000036,100,1,AAPLH282631500.U^H26,315.0,2026-08-28,313.874,1.23,31387.4,-123.0,29079.899999999998,15693.7,7846.85,13386.199999999997,21233.049999999996,observed,29479.900000000005
2026-08-27T20:00:00Z,hourly,-2184.5000000000036,100,1,AAPLH282631500.U^H26,315.0,2026-08-28,314.54,1.5,31454.000000000004,-150.0,29119.5,15727.000000000002,7863.500000000001,13392.499999999998,21256.0,observed,29546.500000000004
2026-08-28T14:00:00Z,hourly,-2184.5000000000036,100,1,AAPLH282631500.U^H26,315.0,2026-08-28,316.673,2.145,31667.3,-214.5,29268.299999999996,15833.65,7916.825,13434.649999999996,21351.474999999995,observed,29759.800000000003
2026-08-28T15:00:00Z,hourly,-2184.5000000000036,100,1,AAPLH282631500.U^H26,315.0,2026-08-28,320.72,5.75,32072.000000000004,-575.0,29312.5,16036.000000000002,8018.000000000001,13276.499999999998,21294.5,observed,30164.500000000004
2026-08-28T16:00:00Z,hourly,-2184.5000000000036,100,1,AAPLH282631500.U^H26,315.0,2026-08-28,321.491,6.449999999999999,32149.1,-644.9999999999999,29319.599999999995,16074.55,8037.275,13245.049999999996,21282.324999999997,observed,30241.6
2026-08-28T17:00:00Z,hourly,-2184.5000000000036,100,1,AAPLH282631500.U^H26,315.0,2026-08-28,320.84,5.925,32083.999999999996,-592.5,29306.999999999993,16041.999999999998,8020.999999999999,13264.999999999995,21285.999999999993,observed,30176.5
2026-08-28T18:00:00Z,hourly,-2184.5000000000036,100,1,AAPLH282631500.U^H26,315.0,2026-08-28,319.702,4.699999999999999,31970.2,-469.99999999999994,29315.699999999997,15985.1,7992.55,13330.599999999997,21323.149999999998,observed,30062.7
2026-08-28T19:00:00Z,hourly,-2184.5000000000036,100,1,AAPLH282631500.U^H26,315.0,2026-08-28,319.824,4.800000000000001,31982.4,-480.00000000000006,29317.899999999998,15991.2,7995.6,13326.699999999997,21322.299999999996,observed,30074.9
2026-08-28T20:00:00Z,pre-expiry,-2184.5000000000036,100,1,AAPLH282631500.U^H26,315.0,2026-08-28,319.64,4.639999999999986,31964.0,-463.99999999999864,29315.499999999996,15982.0,7991.0,13333.499999999996,21324.499999999996,observed,30056.5
2026-08-28T20:00:00Z,post-expiry,29315.499999999996,0,0,,,,319.64,0,0.0,0,29315.499999999996,0.0,0.0,29315.499999999996,29315.499999999996,observed,30056.5
2026-08-31T14:00:00Z,hourly,29315.499999999996,0,0,,,,317.252,0,0.0,0,29315.499999999996,0.0,0.0,29315.499999999996,29315.499999999996,observed,29817.7
2026-08-31T15:00:00Z,hourly,29315.499999999996,0,0,,,,315.38,0,0.0,0,29315.499999999996,0.0,0.0,29315.499999999996,29315.499999999996,observed,29630.5
2026-08-31T16:00:00Z,hourly,29315.499999999996,0,0,,,,314.6686,0,0.0,0,29315.499999999996,0.0,0.0,29315.499999999996,29315.499999999996,observed,29559.360000000004
2026-08-31T17:00:00Z,hourly,29315.499999999996,0,0,,,,313.752,0,0.0,0,29315.499999999996,0.0,0.0,29315.499999999996,29315.499999999996,observed,29467.7
2026-08-31T18:00:00Z,hourly,29315.499999999996,0,0,,,,315.1,0,0.0,0,29315.499999999996,0.0,0.0,29315.499999999996,29315.499999999996,observed,29602.500000000004
2026-08-31T19:00:00Z,hourly,29315.499999999996,0,0,,,,315.39,0,0.0,0,29315.499999999996,0.0,0.0,29315.499999999996,29315.499999999996,observed,29631.5
2026-08-31T20:00:00Z,hourly,29315.499999999996,0,0,,,,316.83,0,0.0,0,29315.499999999996,0.0,0.0,29315.499999999996,29315.499999999996,observed,29775.5
2026-09-01T14:00:00Z,hourly,29315.499999999996,0,0,,,,322.695,0,0.0,0,29315.499999999996,0.0,0.0,29315.499999999996,29315.499999999996,observed,30362.0
2026-09-01T15:00:00Z,hourly,29315.499999999996,0,0,,,,324.4129,0,0.0,0,29315.499999999996,0.0,0.0,29315.499999999996,29315.499999999996,observed,30533.79
2026-09-01T16:00:00Z,hourly,29315.499999999996,0,0,,,,326.35,0,0.0,0,29315.499999999996,0.0,0.0,29315.499999999996,29315.499999999996,observed,30727.500000000004
2026-09-01T17:00:00Z,hourly,29315.499999999996,0,0,,,,325.8843,0,0.0,0,29315.499999999996,0.0,0.0,29315.499999999996,29315.499999999996,observed,30680.93
2026-09-01T18:00:00Z,hourly,29315.499999999996,0,0,,,,325.22,0,0.0,0,29315.499999999996,0.0,0.0,29315.499999999996,29315.499999999996,observed,30614.500000000004
2026-09-01T19:00:00Z,hourly,29315.499999999996,0,0,,,,325.545,0,0.0,0,29315.499999999996,0.0,0.0,29315.499999999996,29315.499999999996,observed,30647.000000000004
2026-09-01T20:00:00Z,hourly,29315.499999999996,0,0,,,,325.17,0,0.0,0,29315.499999999996,0.0,0.0,29315.499999999996,29315.499999999996,observed,30609.500000000004
2026-09-02T14:00:00Z,hourly,29315.499999999996,0,0,,,,325.19,0,0.0,0,29315.499999999996,0.0,0.0,29315.499999999996,29315.499999999996,observed,30611.5
2026-09-02T15:00:00Z,hourly,29315.499999999996,0,0,,,,324.625,0,0.0,0,29315.499999999996,0.0,0.0,29315.499999999996,29315.499999999996,observed,30555.0
2026-09-02T16:00:00Z,hourly,29315.499999999996,0,0,,,,325.0172,0,0.0,0,29315.499999999996,0.0,0.0,29315.499999999996,29315.499999999996,observed,30594.22
2026-09-02T17:00:00Z,hourly,29315.499999999996,0,0,,,,326.12,0,0.0,0,29315.499999999996,0.0,0.0,29315.499999999996,29315.499999999996,observed,30704.5
2026-09-02T18:00:00Z,hourly,29315.499999999996,0,0,,,,325.956,0,0.0,0,29315.499999999996,0.0,0.0,29315.499999999996,29315.499999999996,observed,30688.100000000002
2026-09-02T19:00:00Z,hourly,29315.499999999996,0,0,,,,324.99,0,0.0,0,29315.499999999996,0.0,0.0,29315.499999999996,29315.499999999996,observed,30591.500000000004
2026-09-02T20:00:00Z,hourly,29315.499999999996,0,0,,,,324.98,0,0.0,0,29315.499999999996,0.0,0.0,29315.499999999996,29315.499999999996,observed,30590.500000000004
2026-09-03T14:00:00Z,hourly,29315.499999999996,0,0,,,,326.69,0,0.0,0,29315.499999999996,0.0,0.0,29315.499999999996,29315.499999999996,observed,30761.5
2026-09-03T15:00:00Z,hourly,29315.499999999996,0,0,,,,327.985,0,0.0,0,29315.499999999996,0.0,0.0,29315.499999999996,29315.499999999996,observed,30891.000000000004
2026-09-03T16:00:00Z,hourly,29315.499999999996,0,0,,,,329.7843,0,0.0,0,29315.499999999996,0.0,0.0,29315.499999999996,29315.499999999996,observed,31070.93
2026-09-03T17:00:00Z,hourly,29315.499999999996,0,0,,,,328.9401,0,0.0,0,29315.499999999996,0.0,0.0,29315.499999999996,29315.499999999996,observed,30986.51
2026-09-03T18:00:00Z,hourly,29315.499999999996,0,0,,,,326.912,0,0.0,0,29315.499999999996,0.0,0.0,29315.499999999996,29315.499999999996,observed,30783.699999999997
2026-09-03T19:00:00Z,hourly,29315.499999999996,0,0,,,,327.19,0,0.0,0,29315.499999999996,0.0,0.0,29315.499999999996,29315.499999999996,observed,30811.5
2026-09-03T20:00:00Z,hourly,29315.499999999996,0,0,,,,328.17,0,0.0,0,29315.499999999996,0.0,0.0,29315.499999999996,29315.499999999996,observed,30909.500000000004
2026-09-04T14:00:00Z,hourly,29315.499999999996,0,0,,,,323.68,0,0.0,0,29315.499999999996,0.0,0.0,29315.499999999996,29315.499999999996,observed,30460.5
2026-09-04T15:00:00Z,hourly,29315.499999999996,0,0,,,,318.452,0,0.0,0,29315.499999999996,0.0,0.0,29315.499999999996,29315.499999999996,observed,29937.7
2026-09-04T16:00:00Z,hourly,29315.499999999996,0,0,,,,321.0272,0,0.0,0,29315.499999999996,0.0,0.0,29315.499999999996,29315.499999999996,observed,30195.22
2026-09-04T17:00:00Z,hourly,29315.499999999996,0,0,,,,321.048,0,0.0,0,29315.499999999996,0.0,0.0,29315.499999999996,29315.499999999996,observed,30197.300000000003
2026-09-04T18:00:00Z,hourly,29315.499999999996,0,0,,,,321.02,0,0.0,0,29315.499999999996,0.0,0.0,29315.499999999996,29315.499999999996,observed,30194.5
2026-09-04T19:00:00Z,hourly,29315.499999999996,0,0,,,,321.674,0,0.0,0,29315.499999999996,0.0,0.0,29315.499999999996,29315.499999999996,observed,30259.899999999998
2026-09-04T20:00:00Z,hourly,29315.499999999996,0,0,,,,319.98,0,0.0,0,29315.499999999996,0.0,0.0,29315.499999999996,29315.499999999996,observed,30090.500000000004
2026-09-08T14:00:00Z,hourly,29315.499999999996,0,0,,,,316.9,0,0.0,0,29315.499999999996,0.0,0.0,29315.499999999996,29315.499999999996,observed,29782.5
2026-09-08T15:00:00Z,hourly,29315.499999999996,0,0,,,,315.994,0,0.0,0,29315.499999999996,0.0,0.0,29315.499999999996,29315.499999999996,observed,29691.900000000005
2026-09-08T16:00:00Z,hourly,29315.499999999996,0,0,,,,316.0758,0,0.0,0,29315.499999999996,0.0,0.0,29315.499999999996,29315.499999999996,observed,29700.08
2026-09-08T17:00:00Z,hourly,29315.499999999996,0,0,,,,315.996,0,0.0,0,29315.499999999996,0.0,0.0,29315.499999999996,29315.499999999996,observed,29692.1
2026-09-08T18:00:00Z,hourly,29315.499999999996,0,0,,,,316.03,0,0.0,0,29315.499999999996,0.0,0.0,29315.499999999996,29315.499999999996,observed,29695.5
2026-09-08T19:00:00Z,hourly,29315.499999999996,0,0,,,,315.53,0,0.0,0,29315.499999999996,0.0,0.0,29315.499999999996,29315.499999999996,observed,29645.5
2026-09-08T20:00:00Z,hourly,29315.499999999996,0,0,,,,316.39,0,0.0,0,29315.499999999996,0.0,0.0,29315.499999999996,29315.499999999996,observed,29731.5
2026-09-09T14:00:00Z,hourly,29315.499999999996,0,0,,,,317.885,0,0.0,0,29315.499999999996,0.0,0.0,29315.499999999996,29315.499999999996,observed,29881.0
2026-09-09T15:00:00Z,hourly,29315.499999999996,0,0,,,,313.388,0,0.0,0,29315.499999999996,0.0,0.0,29315.499999999996,29315.499999999996,observed,29431.3
2026-09-09T16:00:00Z,hourly,29315.499999999996,0,0,,,,313.18,0,0.0,0,29315.499999999996,0.0,0.0,29315.499999999996,29315.499999999996,observed,29410.5
2026-09-09T17:00:00Z,hourly,29315.499999999996,0,0,,,,314.01,0,0.0,0,29315.499999999996,0.0,0.0,29315.499999999996,29315.499999999996,observed,29493.5
2026-09-09T18:00:00Z,hourly,29315.499999999996,0,0,,,,313.255,0,0.0,0,29315.499999999996,0.0,0.0,29315.499999999996,29315.499999999996,observed,29418.0
2026-09-09T19:00:00Z,hourly,29315.499999999996,0,0,,,,316.68,0,0.0,0,29315.499999999996,0.0,0.0,29315.499999999996,29315.499999999996,observed,29760.5
2026-09-09T20:00:00Z,hourly,29315.499999999996,0,0,,,,315.45,0,0.0,0,29315.499999999996,0.0,0.0,29315.499999999996,29315.499999999996,observed,29637.5
2026-09-10T14:00:00Z,hourly,29315.499999999996,0,0,,,,318.885,0,0.0,0,29315.499999999996,0.0,0.0,29315.499999999996,29315.499999999996,observed,29981.0
2026-09-10T15:00:00Z,hourly,29315.499999999996,0,0,,,,323.025,0,0.0,0,29315.499999999996,0.0,0.0,29315.499999999996,29315.499999999996,observed,30395.0
2026-09-10T16:00:00Z,hourly,29315.499999999996,0,0,,,,319.58,0,0.0,0,29315.499999999996,0.0,0.0,29315.499999999996,29315.499999999996,observed,30050.5
2026-09-10T17:00:00Z,hourly,29315.499999999996,0,0,,,,323.368,0,0.0,0,29315.499999999996,0.0,0.0,29315.499999999996,29315.499999999996,observed,30429.3
2026-09-10T18:00:00Z,hourly,29315.499999999996,0,0,,,,325.016,0,0.0,0,29315.499999999996,0.0,0.0,29315.499999999996,29315.499999999996,observed,30594.100000000002
2026-09-10T19:00:00Z,hourly,29315.499999999996,0,0,,,,325.38,0,0.0,0,29315.499999999996,0.0,0.0,29315.499999999996,29315.499999999996,observed,30630.5
2026-09-10T20:00:00Z,hourly,29315.499999999996,0,0,,,,326.6,0,0.0,0,29315.499999999996,0.0,0.0,29315.499999999996,29315.499999999996,observed,30752.500000000004
2026-09-11T14:00:00Z,hourly,29315.499999999996,0,0,,,,332.2384,0,0.0,0,29315.499999999996,0.0,0.0,29315.499999999996,29315.499999999996,observed,31316.340000000004
2026-09-11T15:00:00Z,hourly,29315.499999999996,0,0,,,,334.9943,0,0.0,0,29315.499999999996,0.0,0.0,29315.499999999996,29315.499999999996,observed,31591.93
2026-09-11T16:00:00Z,hourly,29315.499999999996,0,0,,,,333.9487,0,0.0,0,29315.499999999996,0.0,0.0,29315.499999999996,29315.499999999996,observed,31487.37
2026-09-11T17:00:00Z,hourly,29315.499999999996,0,0,,,,334.754,0,0.0,0,29315.499999999996,0.0,0.0,29315.499999999996,29315.499999999996,observed,31567.9
2026-09-11T18:00:00Z,hourly,29315.499999999996,0,0,,,,333.374,0,0.0,0,29315.499999999996,0.0,0.0,29315.499999999996,29315.499999999996,observed,31429.900000000005
2026-09-11T19:00:00Z,hourly,29315.499999999996,0,0,,,,332.52,0,0.0,0,29315.499999999996,0.0,0.0,29315.499999999996,29315.499999999996,observed,31344.5
2026-09-11T20:00:00Z,hourly,29315.499999999996,0,0,,,,332.22,0,0.0,0,29315.499999999996,0.0,0.0,29315.499999999996,29315.499999999996,observed,31314.500000000004
2026-09-14T14:00:00Z,hourly,29315.499999999996,0,0,,,,333.935,0,0.0,0,29315.499999999996,0.0,0.0,29315.499999999996,29315.499999999996,observed,31486.0
2026-09-14T15:00:00Z,hourly,29315.499999999996,0,0,,,,332.9943,0,0.0,0,29315.499999999996,0.0,0.0,29315.499999999996,29315.499999999996,observed,31391.93
2026-09-14T16:00:00Z,hourly,29315.499999999996,0,0,,,,335.049,0,0.0,0,29315.499999999996,0.0,0.0,29315.499999999996,29315.499999999996,observed,31597.399999999998
2026-09-14T17:00:00Z,hourly,29315.499999999996,0,0,,,,334.855,0,0.0,0,29315.499999999996,0.0,0.0,29315.499999999996,29315.499999999996,observed,31578.000000000004
2026-09-14T18:00:00Z,hourly,29315.499999999996,0,0,,,,333.8668,0,0.0,0,29315.499999999996,0.0,0.0,29315.499999999996,29315.499999999996,observed,31479.180000000004
2026-09-14T19:00:00Z,hourly,29315.499999999996,0,0,,,,334.15,0,0.0,0,29315.499999999996,0.0,0.0,29315.499999999996,29315.499999999996,observed,31507.5
2026-09-14T20:00:00Z,hourly,29315.499999999996,0,0,,,,333.11,0,0.0,0,29315.499999999996,0.0,0.0,29315.499999999996,29315.499999999996,observed,31403.500000000004
2026-09-15T14:00:00Z,hourly,29315.499999999996,0,0,,,,330.73,0,0.0,0,29315.499999999996,0.0,0.0,29315.499999999996,29315.499999999996,observed,31165.500000000004
2026-09-15T15:00:00Z,hourly,29315.499999999996,0,0,,,,329.7872,0,0.0,0,29315.499999999996,0.0,0.0,29315.499999999996,29315.499999999996,observed,31071.22
2026-09-15T16:00:00Z,hourly,29315.499999999996,0,0,,,,329.61,0,0.0,0,29315.499999999996,0.0,0.0,29315.499999999996,29315.499999999996,observed,31053.500000000004
2026-09-15T17:00:00Z,hourly,29315.499999999996,0,0,,,,329.52,0,0.0,0,29315.499999999996,0.0,0.0,29315.499999999996,29315.499999999996,observed,31044.5
2026-09-15T18:00:00Z,hourly,29315.499999999996,0,0,,,,330.4251,0,0.0,0,29315.499999999996,0.0,0.0,29315.499999999996,29315.499999999996,observed,31135.01
2026-09-15T19:00:00Z,hourly,29315.499999999996,0,0,,,,330.52,0,0.0,0,29315.499999999996,0.0,0.0,29315.499999999996,29315.499999999996,observed,31144.5
2026-09-15T20:00:00Z,hourly,29315.499999999996,0,0,,,,331.31,0,0.0,0,29315.499999999996,0.0,0.0,29315.499999999996,29315.499999999996,observed,31223.5
2026-09-16T14:00:00Z,hourly,29315.499999999996,0,0,,,,334.1216,0,0.0,0,29315.499999999996,0.0,0.0,29315.499999999996,29315.499999999996,observed,31504.66
2026-09-16T15:00:00Z,hourly,29315.499999999996,0,0,,,,334.0288,0,0.0,0,29315.499999999996,0.0,0.0,29315.499999999996,29315.499999999996,observed,31495.38
2026-09-16T16:00:00Z,hourly,29315.499999999996,0,0,,,,332.765,0,0.0,0,29315.499999999996,0.0,0.0,29315.499999999996,29315.499999999996,observed,31369.0
2026-09-16T17:00:00Z,hourly,29315.499999999996,0,0,,,,332.6348,0,0.0,0,29315.499999999996,0.0,0.0,29315.499999999996,29315.499999999996,observed,31355.98
2026-09-16T18:00:00Z,hourly,29315.499999999996,0,0,,,,333.35,0,0.0,0,29315.499999999996,0.0,0.0,29315.499999999996,29315.499999999996,observed,31427.500000000004
2026-09-16T19:00:00Z,hourly,29315.499999999996,0,0,,,,332.0799,0,0.0,0,29315.499999999996,0.0,0.0,29315.499999999996,29315.499999999996,observed,31300.49
2026-09-16T20:00:00Z,hourly,29315.499999999996,0,0,,,,332.52,0,0.0,0,29315.499999999996,0.0,0.0,29315.499999999996,29315.499999999996,observed,31344.5
2026-09-17T14:00:00Z,hourly,29315.499999999996,0,0,,,,330.835,0,0.0,0,29315.499999999996,0.0,0.0,29315.499999999996,29315.499999999996,observed,31176.0
2026-09-17T15:00:00Z,hourly,29315.499999999996,0,0,,,,332.78,0,0.0,0,29315.499999999996,0.0,0.0,29315.499999999996,29315.499999999996,observed,31370.5
2026-09-17T16:00:00Z,hourly,29315.499999999996,0,0,,,,334.8558,0,0.0,0,29315.499999999996,0.0,0.0,29315.499999999996,29315.499999999996,observed,31578.08
2026-09-17T17:00:00Z,hourly,29315.499999999996,0,0,,,,336.11,0,0.0,0,29315.499999999996,0.0,0.0,29315.499999999996,29315.499999999996,observed,31703.500000000004
2026-09-17T18:00:00Z,hourly,29315.499999999996,0,0,,,,335.955,0,0.0,0,29315.499999999996,0.0,0.0,29315.499999999996,29315.499999999996,observed,31688.0
2026-09-17T19:00:00Z,hourly,29315.499999999996,0,0,,,,336.2331,0,0.0,0,29315.499999999996,0.0,0.0,29315.499999999996,29315.499999999996,observed,31715.809999999998
2026-09-17T20:00:00Z,hourly,29315.499999999996,0,0,,,,337.0,0,0.0,0,29315.499999999996,0.0,0.0,29315.499999999996,29315.499999999996,observed,31792.5
2026-09-18T14:00:00Z,hourly,29315.499999999996,0,0,,,,334.99,0,0.0,0,29315.499999999996,0.0,0.0,29315.499999999996,29315.499999999996,observed,31591.500000000004
2026-09-18T15:00:00Z,hourly,29315.499999999996,0,0,,,,333.9629,0,0.0,0,29315.499999999996,0.0,0.0,29315.499999999996,29315.499999999996,observed,31488.79
2026-09-18T16:00:00Z,hourly,29315.499999999996,0,0,,,,334.8,0,0.0,0,29315.499999999996,0.0,0.0,29315.499999999996,29315.499999999996,observed,31572.500000000004
2026-09-18T17:00:00Z,hourly,29315.499999999996,0,0,,,,334.56,0,0.0,0,29315.499999999996,0.0,0.0,29315.499999999996,29315.499999999996,observed,31548.5
2026-09-18T18:00:00Z,hourly,29315.499999999996,0,0,,,,335.61,0,0.0,0,29315.499999999996,0.0,0.0,29315.499999999996,29315.499999999996,observed,31653.500000000004
2026-09-18T19:00:00Z,hourly,29315.499999999996,0,0,,,,335.755,0,0.0,0,29315.499999999996,0.0,0.0,29315.499999999996,29315.499999999996,observed,31668.0
2026-09-18T20:00:00Z,hourly,29315.499999999996,0,0,,,,335.58,0,0.0,0,29315.499999999996,0.0,0.0,29315.499999999996,29315.499999999996,observed,31650.5
